cohort,target_id,feature_id,feature_name_raw,selected_outer_fold_count,outer_fold_total,promotion_status
bcl,COMP-Y-MODULUS,SFX004,Actual VF,3,3,not_promoted
bcl,COMP-Y-MODULUS,SFX021,Node: l/d AVG,3,3,not_promoted
bcl,COMP-Y-MODULUS,SFX019,Global: l/d AVG,3,3,not_promoted
bcl,COMP-Y-MODULUS,SFX038,surface_to_solid_volume_1_per_mm,3,3,not_promoted
bcl,COMP-Y-MODULUS,SFX034,mean_radius_mm,3,3,not_promoted
bcl,COMP-Y-MODULUS,SFX018,Node: Angle-Z (weighted with length)-STDEV,1,3,not_promoted
bcl,COMP-Y-MODULUS,SFX032,maxwell_index_M_3D,2,3,not_promoted
bcl,COMP-Y-MODULUS,SFX037,surface_area_mm2,1,3,not_promoted
bcl,COMP-Y-MODULUS,SFX014,Global: Angle-Z (weighted with length)-STDEV,2,3,not_promoted
bcl,COMP-Y-MODULUS,SFX008,Global: Strut No. at Nodes-STDEV,1,3,not_promoted
bcl,COMP-Y-MODULUS,SFX017,Node: Angle-Z (weighted with length)-AVG,1,3,not_promoted
bcl,COMP-Y-MODULUS,SFX013,Global: Angle-Z (weighted with length)-AVG,1,3,not_promoted
bcl,COMP-Y-COMP-STRENGTH,SFX004,Actual VF,3,3,not_promoted
bcl,COMP-Y-COMP-STRENGTH,SFX037,surface_area_mm2,3,3,not_promoted
bcl,COMP-Y-COMP-STRENGTH,SFX034,mean_radius_mm,3,3,not_promoted
bcl,COMP-Y-COMP-STRENGTH,SFX038,surface_to_solid_volume_1_per_mm,3,3,not_promoted
bcl,COMP-Y-COMP-STRENGTH,SFX021,Node: l/d AVG,3,3,not_promoted
bcl,COMP-Y-COMP-STRENGTH,SFX019,Global: l/d AVG,3,3,not_promoted
bcl,COMP-Y-COMP-STRENGTH,SFX014,Global: Angle-Z (weighted with length)-STDEV,2,3,not_promoted
bcl,COMP-Y-COMP-STRENGTH,SFX018,Node: Angle-Z (weighted with length)-STDEV,1,3,not_promoted
bcl,COMP-Y-COMP-STRENGTH,SFX028,Global: Angle-Y (weighted with length)-STDEV,1,3,not_promoted
bcl,COMP-Y-COMP-STRENGTH,SFX017,Node: Angle-Z (weighted with length)-AVG,1,3,not_promoted
bcl,COMP-Y-COMP-STRENGTH,SFX013,Global: Angle-Z (weighted with length)-AVG,1,3,not_promoted
bcl,COMP-Y-COMP-STRAIN,SFX033,total_strut_length_mm,2,3,not_promoted
bcl,COMP-Y-COMP-STRAIN,SFX008,Global: Strut No. at Nodes-STDEV,3,3,not_promoted
bcl,COMP-Y-COMP-STRAIN,SFX038,surface_to_solid_volume_1_per_mm,3,3,not_promoted
bcl,COMP-Y-COMP-STRAIN,SFX034,mean_radius_mm,2,3,not_promoted
bcl,COMP-Y-COMP-STRAIN,SFX019,Global: l/d AVG,2,3,not_promoted
bcl,COMP-Y-COMP-STRAIN,SFX006,Strut 개수,2,3,not_promoted
bcl,COMP-Y-COMP-STRAIN,SFX021,Node: l/d AVG,2,3,not_promoted
bcl,COMP-Y-COMP-STRAIN,SFX045,mass_center_z_mm,2,3,not_promoted
bcl,COMP-Y-COMP-STRAIN,SFX037,surface_area_mm2,1,3,not_promoted
bcl,COMP-Y-COMP-STRAIN,SFX005,Node 개수,1,3,not_promoted
bcl,COMP-Y-COMP-STRAIN,SFX017,Node: Angle-Z (weighted with length)-AVG,1,3,not_promoted
bcl,COMP-Y-COMP-STRAIN,SFX020,Global: l/d STDEV,1,3,not_promoted
bcl,COMP-Y-COMP-STRAIN,SFX022,Node: l/d STDEV,1,3,not_promoted
bcl,COMP-Y-COMP-STRAIN,SFX012,Global: Length - STDEV,1,3,not_promoted
bcl,COMP-Y-APS,SFX004,Actual VF,3,3,not_promoted
bcl,COMP-Y-APS,SFX034,mean_radius_mm,3,3,not_promoted
bcl,COMP-Y-APS,SFX038,surface_to_solid_volume_1_per_mm,3,3,not_promoted
bcl,COMP-Y-APS,SFX037,surface_area_mm2,2,3,not_promoted
bcl,COMP-Y-APS,SFX021,Node: l/d AVG,3,3,not_promoted
bcl,COMP-Y-APS,SFX019,Global: l/d AVG,3,3,not_promoted
bcl,COMP-Y-APS,SFX014,Global: Angle-Z (weighted with length)-STDEV,3,3,not_promoted
bcl,COMP-Y-APS,SFX028,Global: Angle-Y (weighted with length)-STDEV,3,3,not_promoted
bcl,COMP-Y-APS,SFX024,Global: Angle-X (weighted with length)-STDEV,1,3,not_promoted
bcl,COMP-Y-AS,SFX004,Actual VF,3,3,not_promoted
bcl,COMP-Y-AS,SFX037,surface_area_mm2,2,3,not_promoted
bcl,COMP-Y-AS,SFX034,mean_radius_mm,3,3,not_promoted
bcl,COMP-Y-AS,SFX038,surface_to_solid_volume_1_per_mm,3,3,not_promoted
bcl,COMP-Y-AS,SFX021,Node: l/d AVG,3,3,not_promoted
bcl,COMP-Y-AS,SFX019,Global: l/d AVG,3,3,not_promoted
bcl,COMP-Y-AS,SFX014,Global: Angle-Z (weighted with length)-STDEV,3,3,not_promoted
bcl,COMP-Y-AS,SFX028,Global: Angle-Y (weighted with length)-STDEV,3,3,not_promoted
bcl,COMP-Y-AS,SFX024,Global: Angle-X (weighted with length)-STDEV,1,3,not_promoted
bcl,COMP-Y-YIELD-STRENGTH,SFX004,Actual VF,3,3,not_promoted
bcl,COMP-Y-YIELD-STRENGTH,SFX034,mean_radius_mm,3,3,not_promoted
bcl,COMP-Y-YIELD-STRENGTH,SFX038,surface_to_solid_volume_1_per_mm,3,3,not_promoted
bcl,COMP-Y-YIELD-STRENGTH,SFX021,Node: l/d AVG,3,3,not_promoted
bcl,COMP-Y-YIELD-STRENGTH,SFX019,Global: l/d AVG,3,3,not_promoted
bcl,COMP-Y-YIELD-STRENGTH,SFX037,surface_area_mm2,2,3,not_promoted
bcl,COMP-Y-YIELD-STRENGTH,SFX032,maxwell_index_M_3D,1,3,not_promoted
bcl,COMP-Y-YIELD-STRENGTH,SFX018,Node: Angle-Z (weighted with length)-STDEV,1,3,not_promoted
bcl,COMP-Y-YIELD-STRENGTH,SFX008,Global: Strut No. at Nodes-STDEV,1,3,not_promoted
bcl,COMP-Y-YIELD-STRENGTH,SFX014,Global: Angle-Z (weighted with length)-STDEV,2,3,not_promoted
bcl,COMP-Y-YIELD-STRENGTH,SFX020,Global: l/d STDEV,1,3,not_promoted
bcl,COMP-Y-YIELD-STRENGTH,SFX022,Node: l/d STDEV,1,3,not_promoted
bcl,COMP-Y-YIELD-STRAIN,SFX004,Actual VF,3,3,not_promoted
bcl,COMP-Y-YIELD-STRAIN,SFX020,Global: l/d STDEV,3,3,not_promoted
bcl,COMP-Y-YIELD-STRAIN,SFX037,surface_area_mm2,3,3,not_promoted
bcl,COMP-Y-YIELD-STRAIN,SFX022,Node: l/d STDEV,3,3,not_promoted
bcl,COMP-Y-YIELD-STRAIN,SFX034,mean_radius_mm,3,3,not_promoted
bcl,COMP-Y-YIELD-STRAIN,SFX038,surface_to_solid_volume_1_per_mm,3,3,not_promoted
bcl,COMP-Y-YIELD-STRAIN,SFX016,Node: Length - STDEV,2,3,not_promoted
bcl,COMP-Y-YIELD-STRAIN,SFX012,Global: Length - STDEV,2,3,not_promoted
bcl,COMP-Y-YIELD-STRAIN,SFX019,Global: l/d AVG,1,3,not_promoted
bcl,COMP-Y-YIELD-STRAIN,SFX021,Node: l/d AVG,1,3,not_promoted
bcl,COMP-Y-LCC,SFX037,surface_area_mm2,3,3,not_promoted
bcl,COMP-Y-LCC,SFX033,total_strut_length_mm,1,3,not_promoted
bcl,COMP-Y-LCC,SFX007,Global: Strut No. at Nodes-AVG,1,3,not_promoted
bcl,COMP-Y-LCC,SFX008,Global: Strut No. at Nodes-STDEV,2,3,not_promoted
bcl,COMP-Y-LCC,SFX006,Strut 개수,1,3,not_promoted
bcl,COMP-Y-LCC,SFX032,maxwell_index_M_3D,1,3,not_promoted
bcl,COMP-Y-LCC,SFX004,Actual VF,2,3,not_promoted
bcl,COMP-Y-LCC,SFX014,Global: Angle-Z (weighted with length)-STDEV,3,3,not_promoted
bcl,COMP-Y-LCC,SFX034,mean_radius_mm,1,3,not_promoted
bcl,COMP-Y-LCC,SFX038,surface_to_solid_volume_1_per_mm,1,3,not_promoted
bcl,COMP-Y-LCC,SFX028,Global: Angle-Y (weighted with length)-STDEV,2,3,not_promoted
bcl,COMP-Y-LCC,SFX024,Global: Angle-X (weighted with length)-STDEV,2,3,not_promoted
bcl,COMP-Y-LCC,SFX045,mass_center_z_mm,2,3,not_promoted
bcl,COMP-Y-LCC,SFX018,Node: Angle-Z (weighted with length)-STDEV,1,3,not_promoted
bcl,COMP-Y-LCC,SFX044,mass_center_y_mm,1,3,not_promoted
bcl,COMP-Y-EAS,SFX037,surface_area_mm2,3,3,not_promoted
bcl,COMP-Y-EAS,SFX033,total_strut_length_mm,3,3,not_promoted
bcl,COMP-Y-EAS,SFX007,Global: Strut No. at Nodes-AVG,3,3,not_promoted
bcl,COMP-Y-EAS,SFX032,maxwell_index_M_3D,3,3,not_promoted
bcl,COMP-Y-EAS,SFX008,Global: Strut No. at Nodes-STDEV,3,3,not_promoted
bcl,COMP-Y-EAS,SFX004,Actual VF,2,3,not_promoted
bcl,COMP-Y-EAS,SFX006,Strut 개수,3,3,not_promoted
bcl,COMP-Y-EAS,SFX027,Global: Angle-Y (weighted with length)-AVG,1,3,not_promoted
bcl,COMP-Y-EAS,SFX015,Node: Length - AVG,1,3,not_promoted
bcl,COMP-Y-EAS,SFX020,Global: l/d STDEV,1,3,not_promoted
bcl,COMP-Y-EAS,SFX012,Global: Length - STDEV,1,3,not_promoted
bcl,COMP-Y-DENSIF-STRENGTH,SFX037,surface_area_mm2,3,3,not_promoted
bcl,COMP-Y-DENSIF-STRENGTH,SFX033,total_strut_length_mm,3,3,not_promoted
bcl,COMP-Y-DENSIF-STRENGTH,SFX006,Strut 개수,3,3,not_promoted
bcl,COMP-Y-DENSIF-STRENGTH,SFX007,Global: Strut No. at Nodes-AVG,2,3,not_promoted
bcl,COMP-Y-DENSIF-STRENGTH,SFX032,maxwell_index_M_3D,1,3,not_promoted
bcl,COMP-Y-DENSIF-STRENGTH,SFX027,Global: Angle-Y (weighted with length)-AVG,1,3,not_promoted
bcl,COMP-Y-DENSIF-STRENGTH,SFX017,Node: Angle-Z (weighted with length)-AVG,2,3,not_promoted
bcl,COMP-Y-DENSIF-STRENGTH,SFX023,Global: Angle-X (weighted with length)-AVG,2,3,not_promoted
bcl,COMP-Y-DENSIF-STRENGTH,SFX004,Actual VF,1,3,not_promoted
bcl,COMP-Y-DENSIF-STRENGTH,SFX008,Global: Strut No. at Nodes-STDEV,1,3,not_promoted
bcl,COMP-Y-DENSIF-STRENGTH,SFX035,std_radius_mm,1,3,not_promoted
bcl,COMP-Y-DENSIF-STRENGTH,SFX011,Global: Length - AVG,1,3,not_promoted
bcl,COMP-Y-DENSIF-STRENGTH,SFX020,Global: l/d STDEV,1,3,not_promoted
bcl,COMP-Y-DENSIF-STRENGTH,SFX015,Node: Length - AVG,1,3,not_promoted
bcl,COMP-Y-DENSIF-STRENGTH,SFX005,Node 개수,1,3,not_promoted
bcl,COMP-Y-DENSIFI-STRAIN,SFX037,surface_area_mm2,3,3,not_promoted
bcl,COMP-Y-DENSIFI-STRAIN,SFX033,total_strut_length_mm,3,3,not_promoted
bcl,COMP-Y-DENSIFI-STRAIN,SFX007,Global: Strut No. at Nodes-AVG,3,3,not_promoted
bcl,COMP-Y-DENSIFI-STRAIN,SFX004,Actual VF,2,3,not_promoted
bcl,COMP-Y-DENSIFI-STRAIN,SFX032,maxwell_index_M_3D,3,3,not_promoted
bcl,COMP-Y-DENSIFI-STRAIN,SFX008,Global: Strut No. at Nodes-STDEV,3,3,not_promoted
bcl,COMP-Y-DENSIFI-STRAIN,SFX006,Strut 개수,3,3,not_promoted
bcl,COMP-Y-DENSIFI-STRAIN,SFX027,Global: Angle-Y (weighted with length)-AVG,1,3,not_promoted
bcl,COMP-Y-DENSIFI-STRAIN,SFX034,mean_radius_mm,1,3,not_promoted
bcl,COMP-Y-DENSIFI-STRAIN,SFX020,Global: l/d STDEV,1,3,not_promoted
bcl,COMP-Y-DENSIFI-STRAIN,SFX012,Global: Length - STDEV,1,3,not_promoted
bcl,COMP-Y-EAE,SFX004,Actual VF,3,3,not_promoted
bcl,COMP-Y-EAE,SFX034,mean_radius_mm,3,3,not_promoted
bcl,COMP-Y-EAE,SFX038,surface_to_solid_volume_1_per_mm,3,3,not_promoted
bcl,COMP-Y-EAE,SFX021,Node: l/d AVG,3,3,not_promoted
bcl,COMP-Y-EAE,SFX037,surface_area_mm2,1,3,not_promoted
bcl,COMP-Y-EAE,SFX019,Global: l/d AVG,3,3,not_promoted
bcl,COMP-Y-EAE,SFX028,Global: Angle-Y (weighted with length)-STDEV,3,3,not_promoted
bcl,COMP-Y-EAE,SFX024,Global: Angle-X (weighted with length)-STDEV,3,3,not_promoted
bcl,COMP-Y-EAE,SFX008,Global: Strut No. at Nodes-STDEV,2,3,not_promoted
bcl,COMP-Y-SE,SFX034,mean_radius_mm,3,3,not_promoted
bcl,COMP-Y-SE,SFX038,surface_to_solid_volume_1_per_mm,3,3,not_promoted
bcl,COMP-Y-SE,SFX021,Node: l/d AVG,3,3,not_promoted
bcl,COMP-Y-SE,SFX019,Global: l/d AVG,3,3,not_promoted
bcl,COMP-Y-SE,SFX004,Actual VF,2,3,not_promoted
bcl,COMP-Y-SE,SFX033,total_strut_length_mm,2,3,not_promoted
bcl,COMP-Y-SE,SFX020,Global: l/d STDEV,3,3,not_promoted
bcl,COMP-Y-SE,SFX008,Global: Strut No. at Nodes-STDEV,3,3,not_promoted
bcl,COMP-Y-SE,SFX044,mass_center_y_mm,1,3,not_promoted
bcl,COMP-Y-SE,SFX024,Global: Angle-X (weighted with length)-STDEV,1,3,not_promoted
bcl,COMP-Y-TOTAL-ENERGY,SFX037,surface_area_mm2,3,3,not_promoted
bcl,COMP-Y-TOTAL-ENERGY,SFX004,Actual VF,3,3,not_promoted
bcl,COMP-Y-TOTAL-ENERGY,SFX033,total_strut_length_mm,1,3,not_promoted
bcl,COMP-Y-TOTAL-ENERGY,SFX014,Global: Angle-Z (weighted with length)-STDEV,3,3,not_promoted
bcl,COMP-Y-TOTAL-ENERGY,SFX007,Global: Strut No. at Nodes-AVG,1,3,not_promoted
bcl,COMP-Y-TOTAL-ENERGY,SFX028,Global: Angle-Y (weighted with length)-STDEV,3,3,not_promoted
bcl,COMP-Y-TOTAL-ENERGY,SFX024,Global: Angle-X (weighted with length)-STDEV,2,3,not_promoted
bcl,COMP-Y-TOTAL-ENERGY,SFX006,Strut 개수,1,3,not_promoted
bcl,COMP-Y-TOTAL-ENERGY,SFX034,mean_radius_mm,2,3,not_promoted
bcl,COMP-Y-TOTAL-ENERGY,SFX038,surface_to_solid_volume_1_per_mm,1,3,not_promoted
bcl,COMP-Y-TOTAL-ENERGY,SFX021,Node: l/d AVG,2,3,not_promoted
bcl,COMP-Y-TOTAL-ENERGY,SFX019,Global: l/d AVG,2,3,not_promoted
bcl,COMP-Y-SEA,SFX037,surface_area_mm2,2,3,not_promoted
bcl,COMP-Y-SEA,SFX004,Actual VF,3,3,not_promoted
bcl,COMP-Y-SEA,SFX033,total_strut_length_mm,2,3,not_promoted
bcl,COMP-Y-SEA,SFX014,Global: Angle-Z (weighted with length)-STDEV,3,3,not_promoted
bcl,COMP-Y-SEA,SFX028,Global: Angle-Y (weighted with length)-STDEV,3,3,not_promoted
bcl,COMP-Y-SEA,SFX024,Global: Angle-X (weighted with length)-STDEV,3,3,not_promoted
bcl,COMP-Y-SEA,SFX007,Global: Strut No. at Nodes-AVG,1,3,not_promoted
bcl,COMP-Y-SEA,SFX006,Strut 개수,1,3,not_promoted
bcl,COMP-Y-SEA,SFX034,mean_radius_mm,1,3,not_promoted
bcl,COMP-Y-SEA,SFX038,surface_to_solid_volume_1_per_mm,1,3,not_promoted
bcl,COMP-Y-SEA,SFX021,Node: l/d AVG,1,3,not_promoted
bcl,COMP-Y-SEA,SFX019,Global: l/d AVG,1,3,not_promoted
bcl,COMP-Y-SEA,SFX017,Node: Angle-Z (weighted with length)-AVG,1,3,not_promoted
bcl,COMP-Y-SEA,SFX015,Node: Length - AVG,1,3,not_promoted
bcl,COMP-Y-MAX-PLATEAU-STRESS,SFX004,Actual VF,3,3,not_promoted
bcl,COMP-Y-MAX-PLATEAU-STRESS,SFX034,mean_radius_mm,3,3,not_promoted
bcl,COMP-Y-MAX-PLATEAU-STRESS,SFX038,surface_to_solid_volume_1_per_mm,3,3,not_promoted
bcl,COMP-Y-MAX-PLATEAU-STRESS,SFX037,surface_area_mm2,2,3,not_promoted
bcl,COMP-Y-MAX-PLATEAU-STRESS,SFX021,Node: l/d AVG,3,3,not_promoted
bcl,COMP-Y-MAX-PLATEAU-STRESS,SFX019,Global: l/d AVG,3,3,not_promoted
bcl,COMP-Y-MAX-PLATEAU-STRESS,SFX014,Global: Angle-Z (weighted with length)-STDEV,3,3,not_promoted
bcl,COMP-Y-MAX-PLATEAU-STRESS,SFX028,Global: Angle-Y (weighted with length)-STDEV,3,3,not_promoted
bcl,COMP-Y-MAX-PLATEAU-STRESS,SFX024,Global: Angle-X (weighted with length)-STDEV,1,3,not_promoted
