cohort,target_id,target_name_raw,outer_fold_id,selection_rank,block_id,selected_feature_id,abs_spearman_train,block_member_scores_json,feature_name_raw,promotion_status
bcl,COMP-Y-MODULUS,Modulus,HOLD_B,1,AIX-BLOCK-001,SFX004,0.4642671856877084,"{""SFX004"": 0.4642671856877084, ""SFX039"": 0.4642671856877084}",Actual VF,not_promoted
bcl,COMP-Y-MODULUS,Modulus,HOLD_B,2,AIX-BLOCK-016,SFX021,0.4237214205227,"{""SFX021"": 0.4237214205227}",Node: l/d AVG,not_promoted
bcl,COMP-Y-MODULUS,Modulus,HOLD_B,3,AIX-BLOCK-014,SFX019,0.40737754484982863,"{""SFX019"": 0.40737754484982863}",Global: l/d AVG,not_promoted
bcl,COMP-Y-MODULUS,Modulus,HOLD_B,4,AIX-BLOCK-031,SFX038,0.3860082182144285,"{""SFX038"": 0.3860082182144285}",surface_to_solid_volume_1_per_mm,not_promoted
bcl,COMP-Y-MODULUS,Modulus,HOLD_B,5,AIX-BLOCK-028,SFX034,0.3858826484000899,"{""SFX034"": 0.3858826484000899, ""SFX036"": 0.3858826484000899}",mean_radius_mm,not_promoted
bcl,COMP-Y-MODULUS,Modulus,HOLD_B,6,AIX-BLOCK-013,SFX018,0.30111710234602157,"{""SFX018"": 0.30111710234602157}",Node: Angle-Z (weighted with length)-STDEV,not_promoted
bcl,COMP-Y-MODULUS,Modulus,HOLD_B,7,AIX-BLOCK-026,SFX032,0.29349658460120526,"{""SFX032"": 0.29349658460120526}",maxwell_index_M_3D,not_promoted
bcl,COMP-Y-MODULUS,Modulus,HOLD_B,8,AIX-BLOCK-030,SFX037,0.29038632480891935,"{""SFX037"": 0.29038632480891935}",surface_area_mm2,not_promoted
bcl,COMP-Y-MODULUS,Modulus,HOLD_C,1,AIX-BLOCK-016,SFX021,0.5033454647256439,"{""SFX021"": 0.5033454647256439}",Node: l/d AVG,not_promoted
bcl,COMP-Y-MODULUS,Modulus,HOLD_C,2,AIX-BLOCK-014,SFX019,0.490439529675252,"{""SFX019"": 0.490439529675252}",Global: l/d AVG,not_promoted
bcl,COMP-Y-MODULUS,Modulus,HOLD_C,3,AIX-BLOCK-001,SFX004,0.4600923852183651,"{""SFX004"": 0.4600923852183651, ""SFX039"": 0.4600923852183651}",Actual VF,not_promoted
bcl,COMP-Y-MODULUS,Modulus,HOLD_C,4,AIX-BLOCK-009,SFX014,0.39826481622540744,"{""SFX014"": 0.39826481622540744}",Global: Angle-Z (weighted with length)-STDEV,not_promoted
bcl,COMP-Y-MODULUS,Modulus,HOLD_C,5,AIX-BLOCK-031,SFX038,0.37658174692049273,"{""SFX038"": 0.37658174692049273}",surface_to_solid_volume_1_per_mm,not_promoted
bcl,COMP-Y-MODULUS,Modulus,HOLD_C,6,AIX-BLOCK-028,SFX034,0.3764137737961926,"{""SFX034"": 0.3764137737961926, ""SFX036"": 0.3764137737961926}",mean_radius_mm,not_promoted
bcl,COMP-Y-MODULUS,Modulus,HOLD_C,7,AIX-BLOCK-005,SFX008,0.3551204897349573,"{""SFX008"": 0.3551204897349573, ""SFX010"": 0.3551204897349573}",Global: Strut No. at Nodes-STDEV,not_promoted
bcl,COMP-Y-MODULUS,Modulus,HOLD_C,8,AIX-BLOCK-026,SFX032,0.35290746467468576,"{""SFX032"": 0.35290746467468576}",maxwell_index_M_3D,not_promoted
bcl,COMP-Y-MODULUS,Modulus,HOLD_L,1,AIX-BLOCK-016,SFX021,0.6817474721285974,"{""SFX021"": 0.6817474721285974}",Node: l/d AVG,not_promoted
bcl,COMP-Y-MODULUS,Modulus,HOLD_L,2,AIX-BLOCK-014,SFX019,0.659061446720249,"{""SFX019"": 0.659061446720249}",Global: l/d AVG,not_promoted
bcl,COMP-Y-MODULUS,Modulus,HOLD_L,3,AIX-BLOCK-028,SFX034,0.6467566561105833,"{""SFX034"": 0.6467566561105833, ""SFX036"": 0.6467566561105833}",mean_radius_mm,not_promoted
bcl,COMP-Y-MODULUS,Modulus,HOLD_L,4,AIX-BLOCK-031,SFX038,0.6467566561105833,"{""SFX038"": 0.6467566561105833}",surface_to_solid_volume_1_per_mm,not_promoted
bcl,COMP-Y-MODULUS,Modulus,HOLD_L,5,AIX-BLOCK-001,SFX004,0.6114856105781696,"{""SFX004"": 0.6114856105781696, ""SFX039"": 0.6114856105781696}",Actual VF,not_promoted
bcl,COMP-Y-MODULUS,Modulus,HOLD_L,6,AIX-BLOCK-012,SFX017,0.5470836591836205,"{""SFX017"": 0.5470836591836205}",Node: Angle-Z (weighted with length)-AVG,not_promoted
bcl,COMP-Y-MODULUS,Modulus,HOLD_L,7,AIX-BLOCK-008,SFX013,0.5095366565087591,"{""SFX013"": 0.5095366565087591}",Global: Angle-Z (weighted with length)-AVG,not_promoted
bcl,COMP-Y-MODULUS,Modulus,HOLD_L,8,AIX-BLOCK-009,SFX014,0.5091471024900216,"{""SFX014"": 0.5091471024900216}",Global: Angle-Z (weighted with length)-STDEV,not_promoted
bcl,COMP-Y-COMP-STRENGTH,Com. Strength,HOLD_B,1,AIX-BLOCK-001,SFX004,0.6351674206350518,"{""SFX004"": 0.6351674206350518, ""SFX039"": 0.6351674206350518}",Actual VF,not_promoted
bcl,COMP-Y-COMP-STRENGTH,Com. Strength,HOLD_B,2,AIX-BLOCK-030,SFX037,0.5664676278249031,"{""SFX037"": 0.5664676278249031}",surface_area_mm2,not_promoted
bcl,COMP-Y-COMP-STRENGTH,Com. Strength,HOLD_B,3,AIX-BLOCK-028,SFX034,0.3553328343590298,"{""SFX034"": 0.3553328343590298, ""SFX036"": 0.3553328343590298}",mean_radius_mm,not_promoted
bcl,COMP-Y-COMP-STRENGTH,Com. Strength,HOLD_B,4,AIX-BLOCK-031,SFX038,0.3552072645446912,"{""SFX038"": 0.3552072645446912}",surface_to_solid_volume_1_per_mm,not_promoted
bcl,COMP-Y-COMP-STRENGTH,Com. Strength,HOLD_B,5,AIX-BLOCK-016,SFX021,0.28172202193502766,"{""SFX021"": 0.28172202193502766}",Node: l/d AVG,not_promoted
bcl,COMP-Y-COMP-STRENGTH,Com. Strength,HOLD_B,6,AIX-BLOCK-014,SFX019,0.2684645150204381,"{""SFX019"": 0.2684645150204381}",Global: l/d AVG,not_promoted
bcl,COMP-Y-COMP-STRENGTH,Com. Strength,HOLD_B,7,AIX-BLOCK-009,SFX014,0.204954046452597,"{""SFX014"": 0.204954046452597}",Global: Angle-Z (weighted with length)-STDEV,not_promoted
bcl,COMP-Y-COMP-STRENGTH,Com. Strength,HOLD_B,8,AIX-BLOCK-013,SFX018,0.15893907743939306,"{""SFX018"": 0.15893907743939306}",Node: Angle-Z (weighted with length)-STDEV,not_promoted
bcl,COMP-Y-COMP-STRENGTH,Com. Strength,HOLD_C,1,AIX-BLOCK-001,SFX004,0.5786114221724524,"{""SFX004"": 0.5786114221724524, ""SFX039"": 0.5786114221724524}",Actual VF,not_promoted
bcl,COMP-Y-COMP-STRENGTH,Com. Strength,HOLD_C,2,AIX-BLOCK-030,SFX037,0.5267497200447928,"{""SFX037"": 0.5267497200447928}",surface_area_mm2,not_promoted
bcl,COMP-Y-COMP-STRENGTH,Com. Strength,HOLD_C,3,AIX-BLOCK-028,SFX034,0.3603443449048152,"{""SFX034"": 0.3603443449048152, ""SFX036"": 0.3603443449048152}",mean_radius_mm,not_promoted
bcl,COMP-Y-COMP-STRENGTH,Com. Strength,HOLD_C,4,AIX-BLOCK-031,SFX038,0.36017637178051515,"{""SFX038"": 0.36017637178051515}",surface_to_solid_volume_1_per_mm,not_promoted
bcl,COMP-Y-COMP-STRENGTH,Com. Strength,HOLD_C,5,AIX-BLOCK-016,SFX021,0.35442329227323627,"{""SFX021"": 0.35442329227323627}",Node: l/d AVG,not_promoted
bcl,COMP-Y-COMP-STRENGTH,Com. Strength,HOLD_C,6,AIX-BLOCK-014,SFX019,0.34091545352743563,"{""SFX019"": 0.34091545352743563}",Global: l/d AVG,not_promoted
bcl,COMP-Y-COMP-STRENGTH,Com. Strength,HOLD_C,7,AIX-BLOCK-009,SFX014,0.2679047603325182,"{""SFX014"": 0.2679047603325182}",Global: Angle-Z (weighted with length)-STDEV,not_promoted
bcl,COMP-Y-COMP-STRENGTH,Com. Strength,HOLD_C,8,AIX-BLOCK-023,SFX028,0.19144767744506838,"{""SFX028"": 0.19144767744506838}",Global: Angle-Y (weighted with length)-STDEV,not_promoted
bcl,COMP-Y-COMP-STRENGTH,Com. Strength,HOLD_L,1,AIX-BLOCK-001,SFX004,0.6542649727767695,"{""SFX004"": 0.6542649727767695, ""SFX039"": 0.6542649727767695}",Actual VF,not_promoted
bcl,COMP-Y-COMP-STRENGTH,Com. Strength,HOLD_L,2,AIX-BLOCK-016,SFX021,0.45365569095151675,"{""SFX021"": 0.45365569095151675}",Node: l/d AVG,not_promoted
bcl,COMP-Y-COMP-STRENGTH,Com. Strength,HOLD_L,3,AIX-BLOCK-014,SFX019,0.4353124189784807,"{""SFX019"": 0.4353124189784807}",Global: l/d AVG,not_promoted
bcl,COMP-Y-COMP-STRENGTH,Com. Strength,HOLD_L,4,AIX-BLOCK-028,SFX034,0.43052292141576415,"{""SFX034"": 0.43052292141576415, ""SFX036"": 0.43052292141576415}",mean_radius_mm,not_promoted
bcl,COMP-Y-COMP-STRENGTH,Com. Strength,HOLD_L,5,AIX-BLOCK-031,SFX038,0.43052292141576415,"{""SFX038"": 0.43052292141576415}",surface_to_solid_volume_1_per_mm,not_promoted
bcl,COMP-Y-COMP-STRENGTH,Com. Strength,HOLD_L,6,AIX-BLOCK-012,SFX017,0.37602176072121324,"{""SFX017"": 0.37602176072121324}",Node: Angle-Z (weighted with length)-AVG,not_promoted
bcl,COMP-Y-COMP-STRENGTH,Com. Strength,HOLD_L,7,AIX-BLOCK-008,SFX013,0.3426127594797046,"{""SFX013"": 0.3426127594797046}",Global: Angle-Z (weighted with length)-AVG,not_promoted
bcl,COMP-Y-COMP-STRENGTH,Com. Strength,HOLD_L,8,AIX-BLOCK-030,SFX037,0.30172413793103453,"{""SFX037"": 0.30172413793103453}",surface_area_mm2,not_promoted
bcl,COMP-Y-COMP-STRAIN,Com. strain,HOLD_B,1,AIX-BLOCK-027,SFX033,0.31396565428773837,"{""SFX033"": 0.31396565428773837}",total_strut_length_mm,not_promoted
bcl,COMP-Y-COMP-STRAIN,Com. strain,HOLD_B,2,AIX-BLOCK-005,SFX008,0.31040281735000064,"{""SFX008"": 0.31040281735000064, ""SFX010"": 0.31040281735000064}",Global: Strut No. at Nodes-STDEV,not_promoted
bcl,COMP-Y-COMP-STRAIN,Com. strain,HOLD_B,3,AIX-BLOCK-031,SFX038,0.27990502956711666,"{""SFX038"": 0.27990502956711666}",surface_to_solid_volume_1_per_mm,not_promoted
bcl,COMP-Y-COMP-STRAIN,Com. strain,HOLD_B,4,AIX-BLOCK-028,SFX034,0.279753024002391,"{""SFX034"": 0.279753024002391, ""SFX036"": 0.279753024002391}",mean_radius_mm,not_promoted
bcl,COMP-Y-COMP-STRAIN,Com. strain,HOLD_B,5,AIX-BLOCK-014,SFX019,0.26335581469891384,"{""SFX019"": 0.26335581469891384}",Global: l/d AVG,not_promoted
bcl,COMP-Y-COMP-STRAIN,Com. strain,HOLD_B,6,AIX-BLOCK-003,SFX006,0.24644580307707456,"{""SFX006"": 0.24644580307707456}",Strut 개수,not_promoted
bcl,COMP-Y-COMP-STRAIN,Com. strain,HOLD_B,7,AIX-BLOCK-016,SFX021,0.24314571691984363,"{""SFX021"": 0.24314571691984363}",Node: l/d AVG,not_promoted
bcl,COMP-Y-COMP-STRAIN,Com. strain,HOLD_B,8,AIX-BLOCK-034,SFX045,0.23035426898378747,"{""SFX045"": 0.23035426898378747}",mass_center_z_mm,not_promoted
bcl,COMP-Y-COMP-STRAIN,Com. strain,HOLD_C,1,AIX-BLOCK-034,SFX045,0.29045595054855183,"{""SFX045"": 0.29045595054855183}",mass_center_z_mm,not_promoted
bcl,COMP-Y-COMP-STRAIN,Com. strain,HOLD_C,2,AIX-BLOCK-003,SFX006,0.28906324713360393,"{""SFX006"": 0.28906324713360393}",Strut 개수,not_promoted
bcl,COMP-Y-COMP-STRAIN,Com. strain,HOLD_C,3,AIX-BLOCK-027,SFX033,0.28162844865113146,"{""SFX033"": 0.28162844865113146}",total_strut_length_mm,not_promoted
bcl,COMP-Y-COMP-STRAIN,Com. strain,HOLD_C,4,AIX-BLOCK-030,SFX037,0.24336506159014556,"{""SFX037"": 0.24336506159014556}",surface_area_mm2,not_promoted
bcl,COMP-Y-COMP-STRAIN,Com. strain,HOLD_C,5,AIX-BLOCK-002,SFX005,0.17905037730363565,"{""SFX005"": 0.17905037730363565}",Node 개수,not_promoted
bcl,COMP-Y-COMP-STRAIN,Com. strain,HOLD_C,6,AIX-BLOCK-005,SFX008,0.14793652333283183,"{""SFX008"": 0.14793652333283183, ""SFX010"": 0.14793652333283183}",Global: Strut No. at Nodes-STDEV,not_promoted
bcl,COMP-Y-COMP-STRAIN,Com. strain,HOLD_C,7,AIX-BLOCK-012,SFX017,0.1453988195263245,"{""SFX017"": 0.1453988195263245}",Node: Angle-Z (weighted with length)-AVG,not_promoted
bcl,COMP-Y-COMP-STRAIN,Com. strain,HOLD_C,8,AIX-BLOCK-031,SFX038,0.13373460246360583,"{""SFX038"": 0.13373460246360583}",surface_to_solid_volume_1_per_mm,not_promoted
bcl,COMP-Y-COMP-STRAIN,Com. strain,HOLD_L,1,AIX-BLOCK-028,SFX034,0.4538574971022554,"{""SFX034"": 0.4538574971022554, ""SFX036"": 0.4538574971022554}",mean_radius_mm,not_promoted
bcl,COMP-Y-COMP-STRAIN,Com. strain,HOLD_L,2,AIX-BLOCK-031,SFX038,0.4538574971022554,"{""SFX038"": 0.4538574971022554}",surface_to_solid_volume_1_per_mm,not_promoted
bcl,COMP-Y-COMP-STRAIN,Com. strain,HOLD_L,3,AIX-BLOCK-014,SFX019,0.40614467202488985,"{""SFX019"": 0.40614467202488985}",Global: l/d AVG,not_promoted
bcl,COMP-Y-COMP-STRAIN,Com. strain,HOLD_L,4,AIX-BLOCK-015,SFX020,0.39355097241077647,"{""SFX020"": 0.39355097241077647}",Global: l/d STDEV,not_promoted
bcl,COMP-Y-COMP-STRAIN,Com. strain,HOLD_L,5,AIX-BLOCK-016,SFX021,0.3760046668395126,"{""SFX021"": 0.3760046668395126}",Node: l/d AVG,not_promoted
bcl,COMP-Y-COMP-STRAIN,Com. strain,HOLD_L,6,AIX-BLOCK-017,SFX022,0.36144695497079754,"{""SFX022"": 0.36144695497079754}",Node: l/d STDEV,not_promoted
bcl,COMP-Y-COMP-STRAIN,Com. strain,HOLD_L,7,AIX-BLOCK-007,SFX012,0.307699705711943,"{""SFX012"": 0.307699705711943}",Global: Length - STDEV,not_promoted
bcl,COMP-Y-COMP-STRAIN,Com. strain,HOLD_L,8,AIX-BLOCK-005,SFX008,0.2832762228749481,"{""SFX008"": 0.2832762228749481, ""SFX010"": 0.2832762228749481}",Global: Strut No. at Nodes-STDEV,not_promoted
bcl,COMP-Y-APS,APS,HOLD_B,1,AIX-BLOCK-001,SFX004,0.6866046969641896,"{""SFX004"": 0.6866046969641896, ""SFX039"": 0.6866046969641896}",Actual VF,not_promoted
bcl,COMP-Y-APS,APS,HOLD_B,2,AIX-BLOCK-028,SFX034,0.5124636301909874,"{""SFX034"": 0.5124636301909874, ""SFX036"": 0.5124636301909874}",mean_radius_mm,not_promoted
bcl,COMP-Y-APS,APS,HOLD_B,3,AIX-BLOCK-031,SFX038,0.5123050156886649,"{""SFX038"": 0.5123050156886649}",surface_to_solid_volume_1_per_mm,not_promoted
bcl,COMP-Y-APS,APS,HOLD_B,4,AIX-BLOCK-030,SFX037,0.47724711768185285,"{""SFX037"": 0.47724711768185285}",surface_area_mm2,not_promoted
bcl,COMP-Y-APS,APS,HOLD_B,5,AIX-BLOCK-016,SFX021,0.43038982754005833,"{""SFX021"": 0.43038982754005833}",Node: l/d AVG,not_promoted
bcl,COMP-Y-APS,APS,HOLD_B,6,AIX-BLOCK-014,SFX019,0.41800469894686754,"{""SFX019"": 0.41800469894686754}",Global: l/d AVG,not_promoted
bcl,COMP-Y-APS,APS,HOLD_B,7,AIX-BLOCK-009,SFX014,0.1771892136078889,"{""SFX014"": 0.1771892136078889}",Global: Angle-Z (weighted with length)-STDEV,not_promoted
bcl,COMP-Y-APS,APS,HOLD_B,8,AIX-BLOCK-023,SFX028,0.16447100635938902,"{""SFX028"": 0.16447100635938902}",Global: Angle-Y (weighted with length)-STDEV,not_promoted
bcl,COMP-Y-APS,APS,HOLD_C,1,AIX-BLOCK-001,SFX004,0.6575727883538633,"{""SFX004"": 0.6575727883538633, ""SFX039"": 0.6575727883538633}",Actual VF,not_promoted
bcl,COMP-Y-APS,APS,HOLD_C,2,AIX-BLOCK-028,SFX034,0.5326847704367301,"{""SFX034"": 0.5326847704367301, ""SFX036"": 0.5326847704367301}",mean_radius_mm,not_promoted
bcl,COMP-Y-APS,APS,HOLD_C,3,AIX-BLOCK-031,SFX038,0.5324468085106383,"{""SFX038"": 0.5324468085106383}",surface_to_solid_volume_1_per_mm,not_promoted
bcl,COMP-Y-APS,APS,HOLD_C,4,AIX-BLOCK-016,SFX021,0.5044512877939529,"{""SFX021"": 0.5044512877939529}",Node: l/d AVG,not_promoted
bcl,COMP-Y-APS,APS,HOLD_C,5,AIX-BLOCK-014,SFX019,0.4943309070548712,"{""SFX019"": 0.4943309070548712}",Global: l/d AVG,not_promoted
bcl,COMP-Y-APS,APS,HOLD_C,6,AIX-BLOCK-030,SFX037,0.43934770436730125,"{""SFX037"": 0.43934770436730125}",surface_area_mm2,not_promoted
bcl,COMP-Y-APS,APS,HOLD_C,7,AIX-BLOCK-009,SFX014,0.30529154258499647,"{""SFX014"": 0.30529154258499647}",Global: Angle-Z (weighted with length)-STDEV,not_promoted
bcl,COMP-Y-APS,APS,HOLD_C,8,AIX-BLOCK-023,SFX028,0.3024490926517236,"{""SFX028"": 0.3024490926517236}",Global: Angle-Y (weighted with length)-STDEV,not_promoted
bcl,COMP-Y-APS,APS,HOLD_L,1,AIX-BLOCK-001,SFX004,0.7468887736582838,"{""SFX004"": 0.7468887736582838, ""SFX039"": 0.7468887736582838}",Actual VF,not_promoted
bcl,COMP-Y-APS,APS,HOLD_L,2,AIX-BLOCK-016,SFX021,0.6719600725952813,"{""SFX021"": 0.6719600725952813}",Node: l/d AVG,not_promoted
bcl,COMP-Y-APS,APS,HOLD_L,3,AIX-BLOCK-014,SFX019,0.6529038112522687,"{""SFX019"": 0.6529038112522687}",Global: l/d AVG,not_promoted
bcl,COMP-Y-APS,APS,HOLD_L,4,AIX-BLOCK-028,SFX034,0.5915639027854519,"{""SFX034"": 0.5915639027854519, ""SFX036"": 0.5915639027854519}",mean_radius_mm,not_promoted
bcl,COMP-Y-APS,APS,HOLD_L,5,AIX-BLOCK-031,SFX038,0.5915639027854519,"{""SFX038"": 0.5915639027854519}",surface_to_solid_volume_1_per_mm,not_promoted
bcl,COMP-Y-APS,APS,HOLD_L,6,AIX-BLOCK-009,SFX014,0.48528691884234454,"{""SFX014"": 0.48528691884234454}",Global: Angle-Z (weighted with length)-STDEV,not_promoted
bcl,COMP-Y-APS,APS,HOLD_L,7,AIX-BLOCK-019,SFX024,0.46697787996167817,"{""SFX024"": 0.46697787996167817}",Global: Angle-X (weighted with length)-STDEV,not_promoted
bcl,COMP-Y-APS,APS,HOLD_L,8,AIX-BLOCK-023,SFX028,0.46697787996167817,"{""SFX028"": 0.46697787996167817}",Global: Angle-Y (weighted with length)-STDEV,not_promoted
bcl,COMP-Y-AS,AS,HOLD_B,1,AIX-BLOCK-001,SFX004,0.7108792846497765,"{""SFX004"": 0.7108792846497765, ""SFX039"": 0.7108792846497765}",Actual VF,not_promoted
bcl,COMP-Y-AS,AS,HOLD_B,2,AIX-BLOCK-030,SFX037,0.5568450305828081,"{""SFX037"": 0.5568450305828081}",surface_area_mm2,not_promoted
bcl,COMP-Y-AS,AS,HOLD_B,3,AIX-BLOCK-028,SFX034,0.4685174996412785,"{""SFX034"": 0.4685174996412785, ""SFX036"": 0.4685174996412785}",mean_radius_mm,not_promoted
bcl,COMP-Y-AS,AS,HOLD_B,4,AIX-BLOCK-031,SFX038,0.46838532088934315,"{""SFX038"": 0.46838532088934315}",surface_to_solid_volume_1_per_mm,not_promoted
bcl,COMP-Y-AS,AS,HOLD_B,5,AIX-BLOCK-016,SFX021,0.3929238222066545,"{""SFX021"": 0.3929238222066545}",Node: l/d AVG,not_promoted
bcl,COMP-Y-AS,AS,HOLD_B,6,AIX-BLOCK-014,SFX019,0.3779347765026221,"{""SFX019"": 0.3779347765026221}",Global: l/d AVG,not_promoted
bcl,COMP-Y-AS,AS,HOLD_B,7,AIX-BLOCK-009,SFX014,0.23102654662867525,"{""SFX014"": 0.23102654662867525}",Global: Angle-Z (weighted with length)-STDEV,not_promoted
bcl,COMP-Y-AS,AS,HOLD_B,8,AIX-BLOCK-023,SFX028,0.19521532032825123,"{""SFX028"": 0.19521532032825123}",Global: Angle-Y (weighted with length)-STDEV,not_promoted
bcl,COMP-Y-AS,AS,HOLD_C,1,AIX-BLOCK-001,SFX004,0.68496640537514,"{""SFX004"": 0.68496640537514, ""SFX039"": 0.68496640537514}",Actual VF,not_promoted
bcl,COMP-Y-AS,AS,HOLD_C,2,AIX-BLOCK-030,SFX037,0.5133818589025756,"{""SFX037"": 0.5133818589025756}",surface_area_mm2,not_promoted
bcl,COMP-Y-AS,AS,HOLD_C,3,AIX-BLOCK-028,SFX034,0.5105403135498321,"{""SFX034"": 0.5105403135498321, ""SFX036"": 0.5105403135498321}",mean_radius_mm,not_promoted
bcl,COMP-Y-AS,AS,HOLD_C,4,AIX-BLOCK-031,SFX038,0.5103723404255319,"{""SFX038"": 0.5103723404255319}",surface_to_solid_volume_1_per_mm,not_promoted
bcl,COMP-Y-AS,AS,HOLD_C,5,AIX-BLOCK-016,SFX021,0.48451847704367307,"{""SFX021"": 0.48451847704367307}",Node: l/d AVG,not_promoted
bcl,COMP-Y-AS,AS,HOLD_C,6,AIX-BLOCK-014,SFX019,0.471038633818589,"{""SFX019"": 0.471038633818589}",Global: l/d AVG,not_promoted
bcl,COMP-Y-AS,AS,HOLD_C,7,AIX-BLOCK-009,SFX014,0.3403604703842868,"{""SFX014"": 0.3403604703842868}",Global: Angle-Z (weighted with length)-STDEV,not_promoted
bcl,COMP-Y-AS,AS,HOLD_C,8,AIX-BLOCK-023,SFX028,0.3145226850691541,"{""SFX028"": 0.3145226850691541}",Global: Angle-Y (weighted with length)-STDEV,not_promoted
bcl,COMP-Y-AS,AS,HOLD_L,1,AIX-BLOCK-001,SFX004,0.7707415089447758,"{""SFX004"": 0.7707415089447758, ""SFX039"": 0.7707415089447758}",Actual VF,not_promoted
bcl,COMP-Y-AS,AS,HOLD_L,2,AIX-BLOCK-016,SFX021,0.6653487166191341,"{""SFX021"": 0.6653487166191341}",Node: l/d AVG,not_promoted
bcl,COMP-Y-AS,AS,HOLD_L,3,AIX-BLOCK-014,SFX019,0.6447368421052633,"{""SFX019"": 0.6447368421052633}",Global: l/d AVG,not_promoted
bcl,COMP-Y-AS,AS,HOLD_L,4,AIX-BLOCK-028,SFX034,0.589813809608965,"{""SFX034"": 0.589813809608965, ""SFX036"": 0.589813809608965}",mean_radius_mm,not_promoted
bcl,COMP-Y-AS,AS,HOLD_L,5,AIX-BLOCK-031,SFX038,0.589813809608965,"{""SFX038"": 0.589813809608965}",surface_to_solid_volume_1_per_mm,not_promoted
bcl,COMP-Y-AS,AS,HOLD_L,6,AIX-BLOCK-009,SFX014,0.46834131902725973,"{""SFX014"": 0.46834131902725973}",Global: Angle-Z (weighted with length)-STDEV,not_promoted
bcl,COMP-Y-AS,AS,HOLD_L,7,AIX-BLOCK-019,SFX024,0.4510061651934372,"{""SFX024"": 0.4510061651934372}",Global: Angle-X (weighted with length)-STDEV,not_promoted
bcl,COMP-Y-AS,AS,HOLD_L,8,AIX-BLOCK-023,SFX028,0.4510061651934372,"{""SFX028"": 0.4510061651934372}",Global: Angle-Y (weighted with length)-STDEV,not_promoted
bcl,COMP-Y-YIELD-STRENGTH,Yield strength,HOLD_B,1,AIX-BLOCK-001,SFX004,0.6997035896385249,"{""SFX004"": 0.6997035896385249, ""SFX039"": 0.6997035896385249}",Actual VF,not_promoted
bcl,COMP-Y-YIELD-STRENGTH,Yield strength,HOLD_B,2,AIX-BLOCK-028,SFX034,0.533741104783782,"{""SFX034"": 0.533741104783782, ""SFX036"": 0.533741104783782}",mean_radius_mm,not_promoted
bcl,COMP-Y-YIELD-STRENGTH,Yield strength,HOLD_B,3,AIX-BLOCK-031,SFX038,0.5336948422206046,"{""SFX038"": 0.5336948422206046}",surface_to_solid_volume_1_per_mm,not_promoted
bcl,COMP-Y-YIELD-STRENGTH,Yield strength,HOLD_B,4,AIX-BLOCK-016,SFX021,0.4932473291675065,"{""SFX021"": 0.4932473291675065}",Node: l/d AVG,not_promoted
bcl,COMP-Y-YIELD-STRENGTH,Yield strength,HOLD_B,5,AIX-BLOCK-014,SFX019,0.4818006681624871,"{""SFX019"": 0.4818006681624871}",Global: l/d AVG,not_promoted
bcl,COMP-Y-YIELD-STRENGTH,Yield strength,HOLD_B,6,AIX-BLOCK-030,SFX037,0.4693824949359099,"{""SFX037"": 0.4693824949359099}",surface_area_mm2,not_promoted
bcl,COMP-Y-YIELD-STRENGTH,Yield strength,HOLD_B,7,AIX-BLOCK-026,SFX032,0.21082409818881628,"{""SFX032"": 0.21082409818881628}",maxwell_index_M_3D,not_promoted
bcl,COMP-Y-YIELD-STRENGTH,Yield strength,HOLD_B,8,AIX-BLOCK-013,SFX018,0.2099925161501393,"{""SFX018"": 0.2099925161501393}",Node: Angle-Z (weighted with length)-STDEV,not_promoted
bcl,COMP-Y-YIELD-STRENGTH,Yield strength,HOLD_C,1,AIX-BLOCK-001,SFX004,0.6737961926091824,"{""SFX004"": 0.6737961926091824, ""SFX039"": 0.6737961926091824}",Actual VF,not_promoted
bcl,COMP-Y-YIELD-STRENGTH,Yield strength,HOLD_C,2,AIX-BLOCK-016,SFX021,0.5672592385218365,"{""SFX021"": 0.5672592385218365}",Node: l/d AVG,not_promoted
bcl,COMP-Y-YIELD-STRENGTH,Yield strength,HOLD_C,3,AIX-BLOCK-014,SFX019,0.5535974244120941,"{""SFX019"": 0.5535974244120941}",Global: l/d AVG,not_promoted
bcl,COMP-Y-YIELD-STRENGTH,Yield strength,HOLD_C,4,AIX-BLOCK-028,SFX034,0.5182670772676371,"{""SFX034"": 0.5182670772676371, ""SFX036"": 0.5182670772676371}",mean_radius_mm,not_promoted
bcl,COMP-Y-YIELD-STRENGTH,Yield strength,HOLD_C,5,AIX-BLOCK-031,SFX038,0.5181830907054872,"{""SFX038"": 0.5181830907054872}",surface_to_solid_volume_1_per_mm,not_promoted
bcl,COMP-Y-YIELD-STRENGTH,Yield strength,HOLD_C,6,AIX-BLOCK-030,SFX037,0.511968085106383,"{""SFX037"": 0.511968085106383}",surface_area_mm2,not_promoted
bcl,COMP-Y-YIELD-STRENGTH,Yield strength,HOLD_C,7,AIX-BLOCK-005,SFX008,0.320860620763919,"{""SFX008"": 0.320860620763919, ""SFX010"": 0.320860620763919}",Global: Strut No. at Nodes-STDEV,not_promoted
bcl,COMP-Y-YIELD-STRENGTH,Yield strength,HOLD_C,8,AIX-BLOCK-009,SFX014,0.31009531344568203,"{""SFX014"": 0.31009531344568203}",Global: Angle-Z (weighted with length)-STDEV,not_promoted
bcl,COMP-Y-YIELD-STRENGTH,Yield strength,HOLD_L,1,AIX-BLOCK-001,SFX004,0.8108633653098264,"{""SFX004"": 0.8108633653098264, ""SFX039"": 0.8108633653098264}",Actual VF,not_promoted
bcl,COMP-Y-YIELD-STRENGTH,Yield strength,HOLD_L,2,AIX-BLOCK-028,SFX034,0.6910599407820189,"{""SFX034"": 0.6910599407820189, ""SFX036"": 0.6910599407820189}",mean_radius_mm,not_promoted
bcl,COMP-Y-YIELD-STRENGTH,Yield strength,HOLD_L,3,AIX-BLOCK-031,SFX038,0.6910599407820189,"{""SFX038"": 0.6910599407820189}",surface_to_solid_volume_1_per_mm,not_promoted
bcl,COMP-Y-YIELD-STRENGTH,Yield strength,HOLD_L,4,AIX-BLOCK-016,SFX021,0.6768861809696656,"{""SFX021"": 0.6768861809696656}",Node: l/d AVG,not_promoted
bcl,COMP-Y-YIELD-STRENGTH,Yield strength,HOLD_L,5,AIX-BLOCK-014,SFX019,0.6648949961109671,"{""SFX019"": 0.6648949961109671}",Global: l/d AVG,not_promoted
bcl,COMP-Y-YIELD-STRENGTH,Yield strength,HOLD_L,6,AIX-BLOCK-015,SFX020,0.43548806618632707,"{""SFX020"": 0.43548806618632707}",Global: l/d STDEV,not_promoted
bcl,COMP-Y-YIELD-STRENGTH,Yield strength,HOLD_L,7,AIX-BLOCK-017,SFX022,0.40006294349393656,"{""SFX022"": 0.40006294349393656}",Node: l/d STDEV,not_promoted
bcl,COMP-Y-YIELD-STRENGTH,Yield strength,HOLD_L,8,AIX-BLOCK-009,SFX014,0.34017804686259473,"{""SFX014"": 0.34017804686259473}",Global: Angle-Z (weighted with length)-STDEV,not_promoted
bcl,COMP-Y-YIELD-STRAIN,Yield strain,HOLD_B,1,AIX-BLOCK-001,SFX004,0.5335155194120699,"{""SFX004"": 0.5335155194120699, ""SFX039"": 0.5335155194120699}",Actual VF,not_promoted
bcl,COMP-Y-YIELD-STRAIN,Yield strain,HOLD_B,2,AIX-BLOCK-015,SFX020,0.3936393567640821,"{""SFX020"": 0.3936393567640821}",Global: l/d STDEV,not_promoted
bcl,COMP-Y-YIELD-STRAIN,Yield strain,HOLD_B,3,AIX-BLOCK-030,SFX037,0.39028686046242655,"{""SFX037"": 0.39028686046242655}",surface_area_mm2,not_promoted
bcl,COMP-Y-YIELD-STRAIN,Yield strain,HOLD_B,4,AIX-BLOCK-017,SFX022,0.3712457338280699,"{""SFX022"": 0.3712457338280699}",Node: l/d STDEV,not_promoted
bcl,COMP-Y-YIELD-STRAIN,Yield strain,HOLD_B,5,AIX-BLOCK-028,SFX034,0.36845487995741266,"{""SFX034"": 0.36845487995741266, ""SFX036"": 0.36845487995741266}",mean_radius_mm,not_promoted
bcl,COMP-Y-YIELD-STRAIN,Yield strain,HOLD_B,6,AIX-BLOCK-031,SFX038,0.3684350531446224,"{""SFX038"": 0.3684350531446224}",surface_to_solid_volume_1_per_mm,not_promoted
bcl,COMP-Y-YIELD-STRAIN,Yield strain,HOLD_B,7,AIX-BLOCK-011,SFX016,0.24491860709238714,"{""SFX016"": 0.24491860709238714}",Node: Length - STDEV,not_promoted
bcl,COMP-Y-YIELD-STRAIN,Yield strain,HOLD_B,8,AIX-BLOCK-007,SFX012,0.24431492053828385,"{""SFX012"": 0.24431492053828385}",Global: Length - STDEV,not_promoted
bcl,COMP-Y-YIELD-STRAIN,Yield strain,HOLD_C,1,AIX-BLOCK-001,SFX004,0.45517917133258673,"{""SFX004"": 0.45517917133258673, ""SFX039"": 0.45517917133258673}",Actual VF,not_promoted
bcl,COMP-Y-YIELD-STRAIN,Yield strain,HOLD_C,2,AIX-BLOCK-030,SFX037,0.39319708846584545,"{""SFX037"": 0.39319708846584545}",surface_area_mm2,not_promoted
bcl,COMP-Y-YIELD-STRAIN,Yield strain,HOLD_C,3,AIX-BLOCK-017,SFX022,0.3801481634709497,"{""SFX022"": 0.3801481634709497}",Node: l/d STDEV,not_promoted
bcl,COMP-Y-YIELD-STRAIN,Yield strain,HOLD_C,4,AIX-BLOCK-015,SFX020,0.3740111253384326,"{""SFX020"": 0.3740111253384326}",Global: l/d STDEV,not_promoted
bcl,COMP-Y-YIELD-STRAIN,Yield strain,HOLD_C,5,AIX-BLOCK-011,SFX016,0.3052951089079367,"{""SFX016"": 0.3052951089079367}",Node: Length - STDEV,not_promoted
bcl,COMP-Y-YIELD-STRAIN,Yield strain,HOLD_C,6,AIX-BLOCK-028,SFX034,0.29858622620380737,"{""SFX034"": 0.29858622620380737, ""SFX036"": 0.29858622620380737}",mean_radius_mm,not_promoted
bcl,COMP-Y-YIELD-STRAIN,Yield strain,HOLD_C,7,AIX-BLOCK-031,SFX038,0.29854423292273236,"{""SFX038"": 0.29854423292273236}",surface_to_solid_volume_1_per_mm,not_promoted
bcl,COMP-Y-YIELD-STRAIN,Yield strain,HOLD_C,8,AIX-BLOCK-007,SFX012,0.2774169939575091,"{""SFX012"": 0.2774169939575091}",Global: Length - STDEV,not_promoted
bcl,COMP-Y-YIELD-STRAIN,Yield strain,HOLD_L,1,AIX-BLOCK-001,SFX004,0.5793362717137673,"{""SFX004"": 0.5793362717137673, ""SFX039"": 0.5793362717137673}",Actual VF,not_promoted
bcl,COMP-Y-YIELD-STRAIN,Yield strain,HOLD_L,2,AIX-BLOCK-028,SFX034,0.42339291217822517,"{""SFX034"": 0.42339291217822517, ""SFX036"": 0.42339291217822517}",mean_radius_mm,not_promoted
bcl,COMP-Y-YIELD-STRAIN,Yield strain,HOLD_L,3,AIX-BLOCK-031,SFX038,0.42339291217822517,"{""SFX038"": 0.42339291217822517}",surface_to_solid_volume_1_per_mm,not_promoted
bcl,COMP-Y-YIELD-STRAIN,Yield strain,HOLD_L,4,AIX-BLOCK-030,SFX037,0.37412496759139235,"{""SFX037"": 0.37412496759139235}",surface_area_mm2,not_promoted
bcl,COMP-Y-YIELD-STRAIN,Yield strain,HOLD_L,5,AIX-BLOCK-014,SFX019,0.35837438423645324,"{""SFX019"": 0.35837438423645324}",Global: l/d AVG,not_promoted
bcl,COMP-Y-YIELD-STRAIN,Yield strain,HOLD_L,6,AIX-BLOCK-016,SFX021,0.34709618874773146,"{""SFX021"": 0.34709618874773146}",Node: l/d AVG,not_promoted
bcl,COMP-Y-YIELD-STRAIN,Yield strain,HOLD_L,7,AIX-BLOCK-015,SFX020,0.2916711848147378,"{""SFX020"": 0.2916711848147378}",Global: l/d STDEV,not_promoted
bcl,COMP-Y-YIELD-STRAIN,Yield strain,HOLD_L,8,AIX-BLOCK-017,SFX022,0.2449803521484804,"{""SFX022"": 0.2449803521484804}",Node: l/d STDEV,not_promoted
bcl,COMP-Y-LCC,LCC,HOLD_B,1,AIX-BLOCK-030,SFX037,0.3683055703338499,"{""SFX037"": 0.3683055703338499}",surface_area_mm2,not_promoted
bcl,COMP-Y-LCC,LCC,HOLD_B,2,AIX-BLOCK-027,SFX033,0.2829456003828106,"{""SFX033"": 0.2829456003828106}",total_strut_length_mm,not_promoted
bcl,COMP-Y-LCC,LCC,HOLD_B,3,AIX-BLOCK-004,SFX007,0.23150875164409968,"{""SFX007"": 0.23150875164409968, ""SFX009"": 0.23150875164409968}",Global: Strut No. at Nodes-AVG,not_promoted
bcl,COMP-Y-LCC,LCC,HOLD_B,4,AIX-BLOCK-005,SFX008,0.21964262958740685,"{""SFX008"": 0.21964262958740685, ""SFX010"": 0.21964262958740685}",Global: Strut No. at Nodes-STDEV,not_promoted
bcl,COMP-Y-LCC,LCC,HOLD_B,5,AIX-BLOCK-003,SFX006,0.21954607668458828,"{""SFX006"": 0.21954607668458828}",Strut 개수,not_promoted
bcl,COMP-Y-LCC,LCC,HOLD_B,6,AIX-BLOCK-026,SFX032,0.20703830403819293,"{""SFX032"": 0.20703830403819293}",maxwell_index_M_3D,not_promoted
bcl,COMP-Y-LCC,LCC,HOLD_B,7,AIX-BLOCK-001,SFX004,0.20250742678135356,"{""SFX004"": 0.20250742678135356, ""SFX039"": 0.20250742678135356}",Actual VF,not_promoted
bcl,COMP-Y-LCC,LCC,HOLD_B,8,AIX-BLOCK-009,SFX014,0.1807523671562931,"{""SFX014"": 0.1807523671562931}",Global: Angle-Z (weighted with length)-STDEV,not_promoted
bcl,COMP-Y-LCC,LCC,HOLD_C,1,AIX-BLOCK-001,SFX004,0.3751679731243001,"{""SFX004"": 0.3751679731243001, ""SFX039"": 0.3751679731243001}",Actual VF,not_promoted
bcl,COMP-Y-LCC,LCC,HOLD_C,2,AIX-BLOCK-030,SFX037,0.34489081746920486,"{""SFX037"": 0.34489081746920486}",surface_area_mm2,not_promoted
bcl,COMP-Y-LCC,LCC,HOLD_C,3,AIX-BLOCK-028,SFX034,0.21823908174692053,"{""SFX034"": 0.21823908174692053, ""SFX036"": 0.21823908174692053}",mean_radius_mm,not_promoted
bcl,COMP-Y-LCC,LCC,HOLD_C,4,AIX-BLOCK-031,SFX038,0.2181131019036954,"{""SFX038"": 0.2181131019036954}",surface_to_solid_volume_1_per_mm,not_promoted
bcl,COMP-Y-LCC,LCC,HOLD_C,5,AIX-BLOCK-009,SFX014,0.21039956163288312,"{""SFX014"": 0.21039956163288312}",Global: Angle-Z (weighted with length)-STDEV,not_promoted
bcl,COMP-Y-LCC,LCC,HOLD_C,6,AIX-BLOCK-023,SFX028,0.1995644370806844,"{""SFX028"": 0.1995644370806844}",Global: Angle-Y (weighted with length)-STDEV,not_promoted
bcl,COMP-Y-LCC,LCC,HOLD_C,7,AIX-BLOCK-019,SFX024,0.19276851809574186,"{""SFX024"": 0.19276851809574186}",Global: Angle-X (weighted with length)-STDEV,not_promoted
bcl,COMP-Y-LCC,LCC,HOLD_C,8,AIX-BLOCK-034,SFX045,0.13443249041730843,"{""SFX045"": 0.13443249041730843}",mass_center_z_mm,not_promoted
bcl,COMP-Y-LCC,LCC,HOLD_L,1,AIX-BLOCK-019,SFX024,0.338035499759538,"{""SFX024"": 0.338035499759538}",Global: Angle-X (weighted with length)-STDEV,not_promoted
bcl,COMP-Y-LCC,LCC,HOLD_L,2,AIX-BLOCK-023,SFX028,0.338035499759538,"{""SFX028"": 0.338035499759538}",Global: Angle-Y (weighted with length)-STDEV,not_promoted
bcl,COMP-Y-LCC,LCC,HOLD_L,3,AIX-BLOCK-009,SFX014,0.31329881956970146,"{""SFX014"": 0.31329881956970146}",Global: Angle-Z (weighted with length)-STDEV,not_promoted
bcl,COMP-Y-LCC,LCC,HOLD_L,4,AIX-BLOCK-034,SFX045,0.2713067836809819,"{""SFX045"": 0.2713067836809819}",mass_center_z_mm,not_promoted
bcl,COMP-Y-LCC,LCC,HOLD_L,5,AIX-BLOCK-013,SFX018,0.19702786085872673,"{""SFX018"": 0.19702786085872673}",Node: Angle-Z (weighted with length)-STDEV,not_promoted
bcl,COMP-Y-LCC,LCC,HOLD_L,6,AIX-BLOCK-005,SFX008,0.15536386656646636,"{""SFX008"": 0.15536386656646636, ""SFX010"": 0.15536386656646636}",Global: Strut No. at Nodes-STDEV,not_promoted
bcl,COMP-Y-LCC,LCC,HOLD_L,7,AIX-BLOCK-033,SFX044,0.13835357071296328,"{""SFX044"": 0.13835357071296328}",mass_center_y_mm,not_promoted
bcl,COMP-Y-LCC,LCC,HOLD_L,8,AIX-BLOCK-030,SFX037,0.13682914182006742,"{""SFX037"": 0.13682914182006742}",surface_area_mm2,not_promoted
bcl,COMP-Y-EAS,EAS,HOLD_B,1,AIX-BLOCK-030,SFX037,0.6862279881435855,"{""SFX037"": 0.6862279881435855}",surface_area_mm2,not_promoted
bcl,COMP-Y-EAS,EAS,HOLD_B,2,AIX-BLOCK-027,SFX033,0.5281739357341606,"{""SFX033"": 0.5281739357341606}",total_strut_length_mm,not_promoted
bcl,COMP-Y-EAS,EAS,HOLD_B,3,AIX-BLOCK-004,SFX007,0.45234453951683506,"{""SFX007"": 0.45234453951683506, ""SFX009"": 0.45234453951683506}",Global: Strut No. at Nodes-AVG,not_promoted
bcl,COMP-Y-EAS,EAS,HOLD_B,4,AIX-BLOCK-026,SFX032,0.4161199450065913,"{""SFX032"": 0.4161199450065913}",maxwell_index_M_3D,not_promoted
bcl,COMP-Y-EAS,EAS,HOLD_B,5,AIX-BLOCK-005,SFX008,0.40910018270567355,"{""SFX008"": 0.40910018270567355, ""SFX010"": 0.40910018270567355}",Global: Strut No. at Nodes-STDEV,not_promoted
bcl,COMP-Y-EAS,EAS,HOLD_B,6,AIX-BLOCK-001,SFX004,0.3881918307057342,"{""SFX004"": 0.3881918307057342, ""SFX039"": 0.3881918307057342}",Actual VF,not_promoted
bcl,COMP-Y-EAS,EAS,HOLD_B,7,AIX-BLOCK-003,SFX006,0.31995959744188773,"{""SFX006"": 0.31995959744188773}",Strut 개수,not_promoted
bcl,COMP-Y-EAS,EAS,HOLD_B,8,AIX-BLOCK-022,SFX027,0.27519769466476035,"{""SFX027"": 0.27519769466476035}",Global: Angle-Y (weighted with length)-AVG,not_promoted
bcl,COMP-Y-EAS,EAS,HOLD_C,1,AIX-BLOCK-030,SFX037,0.6797872340425533,"{""SFX037"": 0.6797872340425533}",surface_area_mm2,not_promoted
bcl,COMP-Y-EAS,EAS,HOLD_C,2,AIX-BLOCK-001,SFX004,0.4993141097424413,"{""SFX004"": 0.4993141097424413, ""SFX039"": 0.4993141097424413}",Actual VF,not_promoted
bcl,COMP-Y-EAS,EAS,HOLD_C,3,AIX-BLOCK-027,SFX033,0.4069585007986583,"{""SFX033"": 0.4069585007986583}",total_strut_length_mm,not_promoted
bcl,COMP-Y-EAS,EAS,HOLD_C,4,AIX-BLOCK-004,SFX007,0.2953546036549891,"{""SFX007"": 0.2953546036549891, ""SFX009"": 0.2953546036549891}",Global: Strut No. at Nodes-AVG,not_promoted
bcl,COMP-Y-EAS,EAS,HOLD_C,5,AIX-BLOCK-005,SFX008,0.27709034662880255,"{""SFX008"": 0.27709034662880255, ""SFX010"": 0.27709034662880255}",Global: Strut No. at Nodes-STDEV,not_promoted
bcl,COMP-Y-EAS,EAS,HOLD_C,6,AIX-BLOCK-026,SFX032,0.2325217026934616,"{""SFX032"": 0.2325217026934616}",maxwell_index_M_3D,not_promoted
bcl,COMP-Y-EAS,EAS,HOLD_C,7,AIX-BLOCK-003,SFX006,0.2066879281855449,"{""SFX006"": 0.2066879281855449}",Strut 개수,not_promoted
bcl,COMP-Y-EAS,EAS,HOLD_C,8,AIX-BLOCK-010,SFX015,0.16251770004154892,"{""SFX015"": 0.16251770004154892}",Node: Length - AVG,not_promoted
bcl,COMP-Y-EAS,EAS,HOLD_L,1,AIX-BLOCK-027,SFX033,0.47173765500068665,"{""SFX033"": 0.47173765500068665}",total_strut_length_mm,not_promoted
bcl,COMP-Y-EAS,EAS,HOLD_L,2,AIX-BLOCK-030,SFX037,0.4557946590614468,"{""SFX037"": 0.4557946590614468}",surface_area_mm2,not_promoted
bcl,COMP-Y-EAS,EAS,HOLD_L,3,AIX-BLOCK-026,SFX032,0.43054884670856236,"{""SFX032"": 0.43054884670856236}",maxwell_index_M_3D,not_promoted
bcl,COMP-Y-EAS,EAS,HOLD_L,4,AIX-BLOCK-004,SFX007,0.42266611033027807,"{""SFX007"": 0.42266611033027807, ""SFX009"": 0.42266611033027807}",Global: Strut No. at Nodes-AVG,not_promoted
bcl,COMP-Y-EAS,EAS,HOLD_L,5,AIX-BLOCK-005,SFX008,0.3599846983476144,"{""SFX008"": 0.3599846983476144, ""SFX010"": 0.3599846983476144}",Global: Strut No. at Nodes-STDEV,not_promoted
bcl,COMP-Y-EAS,EAS,HOLD_L,6,AIX-BLOCK-015,SFX020,0.3533395509722633,"{""SFX020"": 0.3533395509722633}",Global: l/d STDEV,not_promoted
bcl,COMP-Y-EAS,EAS,HOLD_L,7,AIX-BLOCK-007,SFX012,0.3435833383767931,"{""SFX012"": 0.3435833383767931}",Global: Length - STDEV,not_promoted
bcl,COMP-Y-EAS,EAS,HOLD_L,8,AIX-BLOCK-003,SFX006,0.3429581218407195,"{""SFX006"": 0.3429581218407195}",Strut 개수,not_promoted
bcl,COMP-Y-DENSIF-STRENGTH,Densif. strength,HOLD_B,1,AIX-BLOCK-030,SFX037,0.4080027625364724,"{""SFX037"": 0.4080027625364724}",surface_area_mm2,not_promoted
bcl,COMP-Y-DENSIF-STRENGTH,Densif. strength,HOLD_B,2,AIX-BLOCK-027,SFX033,0.3608797847543978,"{""SFX033"": 0.3608797847543978}",total_strut_length_mm,not_promoted
bcl,COMP-Y-DENSIF-STRENGTH,Densif. strength,HOLD_B,3,AIX-BLOCK-003,SFX006,0.30803296279497905,"{""SFX006"": 0.30803296279497905}",Strut 개수,not_promoted
bcl,COMP-Y-DENSIF-STRENGTH,Densif. strength,HOLD_B,4,AIX-BLOCK-004,SFX007,0.2078520145857152,"{""SFX007"": 0.2078520145857152, ""SFX009"": 0.2078520145857152}",Global: Strut No. at Nodes-AVG,not_promoted
bcl,COMP-Y-DENSIF-STRENGTH,Densif. strength,HOLD_B,5,AIX-BLOCK-026,SFX032,0.17717876536021762,"{""SFX032"": 0.17717876536021762}",maxwell_index_M_3D,not_promoted
bcl,COMP-Y-DENSIF-STRENGTH,Densif. strength,HOLD_B,6,AIX-BLOCK-022,SFX027,0.1747825632149929,"{""SFX027"": 0.1747825632149929}",Global: Angle-Y (weighted with length)-AVG,not_promoted
bcl,COMP-Y-DENSIF-STRENGTH,Densif. strength,HOLD_B,7,AIX-BLOCK-012,SFX017,0.16553146058311877,"{""SFX017"": 0.16553146058311877}",Node: Angle-Z (weighted with length)-AVG,not_promoted
bcl,COMP-Y-DENSIF-STRENGTH,Densif. strength,HOLD_B,8,AIX-BLOCK-018,SFX023,0.16327740271812008,"{""SFX023"": 0.16327740271812008}",Global: Angle-X (weighted with length)-AVG,not_promoted
bcl,COMP-Y-DENSIF-STRENGTH,Densif. strength,HOLD_C,1,AIX-BLOCK-030,SFX037,0.44879776315281505,"{""SFX037"": 0.44879776315281505}",surface_area_mm2,not_promoted
bcl,COMP-Y-DENSIF-STRENGTH,Densif. strength,HOLD_C,2,AIX-BLOCK-027,SFX033,0.3624821675203667,"{""SFX033"": 0.3624821675203667}",total_strut_length_mm,not_promoted
bcl,COMP-Y-DENSIF-STRENGTH,Densif. strength,HOLD_C,3,AIX-BLOCK-003,SFX006,0.21657400458421092,"{""SFX006"": 0.21657400458421092}",Strut 개수,not_promoted
bcl,COMP-Y-DENSIF-STRENGTH,Densif. strength,HOLD_C,4,AIX-BLOCK-001,SFX004,0.19601832313363,"{""SFX004"": 0.19601832313363, ""SFX039"": 0.19601832313363}",Actual VF,not_promoted
bcl,COMP-Y-DENSIF-STRENGTH,Densif. strength,HOLD_C,5,AIX-BLOCK-005,SFX008,0.19153238662869276,"{""SFX008"": 0.19153238662869276, ""SFX010"": 0.19153238662869276}",Global: Strut No. at Nodes-STDEV,not_promoted
bcl,COMP-Y-DENSIF-STRENGTH,Densif. strength,HOLD_C,6,AIX-BLOCK-004,SFX007,0.15946066055705616,"{""SFX007"": 0.15946066055705616, ""SFX009"": 0.15946066055705616}",Global: Strut No. at Nodes-AVG,not_promoted
bcl,COMP-Y-DENSIF-STRENGTH,Densif. strength,HOLD_C,7,AIX-BLOCK-012,SFX017,0.1589778080301701,"{""SFX017"": 0.1589778080301701}",Node: Angle-Z (weighted with length)-AVG,not_promoted
bcl,COMP-Y-DENSIF-STRENGTH,Densif. strength,HOLD_C,8,AIX-BLOCK-029,SFX035,0.15287895543809912,"{""SFX035"": 0.15287895543809912}",std_radius_mm,not_promoted
bcl,COMP-Y-DENSIF-STRENGTH,Densif. strength,HOLD_L,1,AIX-BLOCK-003,SFX006,0.5515585021989526,"{""SFX006"": 0.5515585021989526}",Strut 개수,not_promoted
bcl,COMP-Y-DENSIF-STRENGTH,Densif. strength,HOLD_L,2,AIX-BLOCK-027,SFX033,0.5215786949017085,"{""SFX033"": 0.5215786949017085}",total_strut_length_mm,not_promoted
bcl,COMP-Y-DENSIF-STRENGTH,Densif. strength,HOLD_L,3,AIX-BLOCK-030,SFX037,0.4344697951775992,"{""SFX037"": 0.4344697951775992}",surface_area_mm2,not_promoted
bcl,COMP-Y-DENSIF-STRENGTH,Densif. strength,HOLD_L,4,AIX-BLOCK-006,SFX011,0.42793205352517927,"{""SFX011"": 0.42793205352517927}",Global: Length - AVG,not_promoted
bcl,COMP-Y-DENSIF-STRENGTH,Densif. strength,HOLD_L,5,AIX-BLOCK-015,SFX020,0.4258829088386661,"{""SFX020"": 0.4258829088386661}",Global: l/d STDEV,not_promoted
bcl,COMP-Y-DENSIF-STRENGTH,Densif. strength,HOLD_L,6,AIX-BLOCK-010,SFX015,0.42178003109331674,"{""SFX015"": 0.42178003109331674}",Node: Length - AVG,not_promoted
bcl,COMP-Y-DENSIF-STRENGTH,Densif. strength,HOLD_L,7,AIX-BLOCK-002,SFX005,0.40865218557953376,"{""SFX005"": 0.40865218557953376}",Node 개수,not_promoted
bcl,COMP-Y-DENSIF-STRENGTH,Densif. strength,HOLD_L,8,AIX-BLOCK-018,SFX023,0.40825261163698745,"{""SFX023"": 0.40825261163698745}",Global: Angle-X (weighted with length)-AVG,not_promoted
bcl,COMP-Y-DENSIFI-STRAIN,Densifi. strain,HOLD_B,1,AIX-BLOCK-030,SFX037,0.7149239477762613,"{""SFX037"": 0.7149239477762613}",surface_area_mm2,not_promoted
bcl,COMP-Y-DENSIFI-STRAIN,Densifi. strain,HOLD_B,2,AIX-BLOCK-027,SFX033,0.5212288021819171,"{""SFX033"": 0.5212288021819171}",total_strut_length_mm,not_promoted
bcl,COMP-Y-DENSIFI-STRAIN,Densifi. strain,HOLD_B,3,AIX-BLOCK-004,SFX007,0.45758844303027485,"{""SFX007"": 0.45758844303027485, ""SFX009"": 0.45758844303027485}",Global: Strut No. at Nodes-AVG,not_promoted
bcl,COMP-Y-DENSIFI-STRAIN,Densifi. strain,HOLD_B,4,AIX-BLOCK-001,SFX004,0.43233285198317367,"{""SFX004"": 0.43233285198317367, ""SFX039"": 0.43233285198317367}",Actual VF,not_promoted
bcl,COMP-Y-DENSIFI-STRAIN,Densifi. strain,HOLD_B,5,AIX-BLOCK-026,SFX032,0.4215060224488319,"{""SFX032"": 0.4215060224488319}",maxwell_index_M_3D,not_promoted
bcl,COMP-Y-DENSIFI-STRAIN,Densifi. strain,HOLD_B,6,AIX-BLOCK-005,SFX008,0.4037646539113255,"{""SFX008"": 0.4037646539113255, ""SFX010"": 0.4037646539113255}",Global: Strut No. at Nodes-STDEV,not_promoted
bcl,COMP-Y-DENSIFI-STRAIN,Densifi. strain,HOLD_B,7,AIX-BLOCK-003,SFX006,0.3203101040181143,"{""SFX006"": 0.3203101040181143}",Strut 개수,not_promoted
bcl,COMP-Y-DENSIFI-STRAIN,Densifi. strain,HOLD_B,8,AIX-BLOCK-022,SFX027,0.26721021712619647,"{""SFX027"": 0.26721021712619647}",Global: Angle-Y (weighted with length)-AVG,not_promoted
bcl,COMP-Y-DENSIFI-STRAIN,Densifi. strain,HOLD_C,1,AIX-BLOCK-030,SFX037,0.70253359462486,"{""SFX037"": 0.70253359462486}",surface_area_mm2,not_promoted
bcl,COMP-Y-DENSIFI-STRAIN,Densifi. strain,HOLD_C,2,AIX-BLOCK-001,SFX004,0.5401035834266518,"{""SFX004"": 0.5401035834266518, ""SFX039"": 0.5401035834266518}",Actual VF,not_promoted
bcl,COMP-Y-DENSIFI-STRAIN,Densifi. strain,HOLD_C,3,AIX-BLOCK-027,SFX033,0.3969298555888205,"{""SFX033"": 0.3969298555888205}",total_strut_length_mm,not_promoted
bcl,COMP-Y-DENSIFI-STRAIN,Densifi. strain,HOLD_C,4,AIX-BLOCK-004,SFX007,0.2998379523182213,"{""SFX007"": 0.2998379523182213, ""SFX009"": 0.2998379523182213}",Global: Strut No. at Nodes-AVG,not_promoted
bcl,COMP-Y-DENSIFI-STRAIN,Densifi. strain,HOLD_C,5,AIX-BLOCK-005,SFX008,0.26652945488548163,"{""SFX008"": 0.26652945488548163, ""SFX010"": 0.26652945488548163}",Global: Strut No. at Nodes-STDEV,not_promoted
bcl,COMP-Y-DENSIFI-STRAIN,Densifi. strain,HOLD_C,6,AIX-BLOCK-026,SFX032,0.23533700672583233,"{""SFX032"": 0.23533700672583233}",maxwell_index_M_3D,not_promoted
bcl,COMP-Y-DENSIFI-STRAIN,Densifi. strain,HOLD_C,7,AIX-BLOCK-003,SFX006,0.20736049415076124,"{""SFX006"": 0.20736049415076124}",Strut 개수,not_promoted
bcl,COMP-Y-DENSIFI-STRAIN,Densifi. strain,HOLD_C,8,AIX-BLOCK-028,SFX034,0.16006438969764836,"{""SFX034"": 0.16006438969764836, ""SFX036"": 0.16006438969764836}",mean_radius_mm,not_promoted
bcl,COMP-Y-DENSIFI-STRAIN,Densifi. strain,HOLD_L,1,AIX-BLOCK-030,SFX037,0.5005833549390719,"{""SFX037"": 0.5005833549390719}",surface_area_mm2,not_promoted
bcl,COMP-Y-DENSIFI-STRAIN,Densifi. strain,HOLD_L,2,AIX-BLOCK-027,SFX033,0.4810828499821283,"{""SFX033"": 0.4810828499821283}",total_strut_length_mm,not_promoted
bcl,COMP-Y-DENSIFI-STRAIN,Densifi. strain,HOLD_L,3,AIX-BLOCK-026,SFX032,0.42889251487012703,"{""SFX032"": 0.42889251487012703}",maxwell_index_M_3D,not_promoted
bcl,COMP-Y-DENSIFI-STRAIN,Densifi. strain,HOLD_L,4,AIX-BLOCK-004,SFX007,0.41487502995552633,"{""SFX007"": 0.41487502995552633, ""SFX009"": 0.41487502995552633}",Global: Strut No. at Nodes-AVG,not_promoted
bcl,COMP-Y-DENSIFI-STRAIN,Densifi. strain,HOLD_L,5,AIX-BLOCK-003,SFX006,0.37160291951718866,"{""SFX006"": 0.37160291951718866}",Strut 개수,not_promoted
bcl,COMP-Y-DENSIFI-STRAIN,Densifi. strain,HOLD_L,6,AIX-BLOCK-015,SFX020,0.33598514803564183,"{""SFX020"": 0.33598514803564183}",Global: l/d STDEV,not_promoted
bcl,COMP-Y-DENSIFI-STRAIN,Densifi. strain,HOLD_L,7,AIX-BLOCK-007,SFX012,0.3348813130166523,"{""SFX012"": 0.3348813130166523}",Global: Length - STDEV,not_promoted
bcl,COMP-Y-DENSIFI-STRAIN,Densifi. strain,HOLD_L,8,AIX-BLOCK-005,SFX008,0.33175442184117626,"{""SFX008"": 0.33175442184117626, ""SFX010"": 0.33175442184117626}",Global: Strut No. at Nodes-STDEV,not_promoted
bcl,COMP-Y-EAE,EAE,HOLD_B,1,AIX-BLOCK-001,SFX004,0.43367446409865806,"{""SFX004"": 0.43367446409865806, ""SFX039"": 0.43367446409865806}",Actual VF,not_promoted
bcl,COMP-Y-EAE,EAE,HOLD_B,2,AIX-BLOCK-028,SFX034,0.34976480443375274,"{""SFX034"": 0.34976480443375274, ""SFX036"": 0.34976480443375274}",mean_radius_mm,not_promoted
bcl,COMP-Y-EAE,EAE,HOLD_B,3,AIX-BLOCK-031,SFX038,0.3497185418705754,"{""SFX038"": 0.3497185418705754}",surface_to_solid_volume_1_per_mm,not_promoted
bcl,COMP-Y-EAE,EAE,HOLD_B,4,AIX-BLOCK-016,SFX021,0.2848876978134366,"{""SFX021"": 0.2848876978134366}",Node: l/d AVG,not_promoted
bcl,COMP-Y-EAE,EAE,HOLD_B,5,AIX-BLOCK-030,SFX037,0.280248231285998,"{""SFX037"": 0.280248231285998}",surface_area_mm2,not_promoted
bcl,COMP-Y-EAE,EAE,HOLD_B,6,AIX-BLOCK-014,SFX019,0.27506683277102384,"{""SFX019"": 0.27506683277102384}",Global: l/d AVG,not_promoted
bcl,COMP-Y-EAE,EAE,HOLD_B,7,AIX-BLOCK-023,SFX028,0.20128419039026943,"{""SFX028"": 0.20128419039026943}",Global: Angle-Y (weighted with length)-STDEV,not_promoted
bcl,COMP-Y-EAE,EAE,HOLD_B,8,AIX-BLOCK-019,SFX024,0.19888998116984127,"{""SFX024"": 0.19888998116984127}",Global: Angle-X (weighted with length)-STDEV,not_promoted
bcl,COMP-Y-EAE,EAE,HOLD_C,1,AIX-BLOCK-028,SFX034,0.4087346024636059,"{""SFX034"": 0.4087346024636059, ""SFX036"": 0.4087346024636059}",mean_radius_mm,not_promoted
bcl,COMP-Y-EAE,EAE,HOLD_C,2,AIX-BLOCK-031,SFX038,0.4086646136618141,"{""SFX038"": 0.4086646136618141}",surface_to_solid_volume_1_per_mm,not_promoted
bcl,COMP-Y-EAE,EAE,HOLD_C,3,AIX-BLOCK-001,SFX004,0.40208566629339304,"{""SFX004"": 0.40208566629339304, ""SFX039"": 0.40208566629339304}",Actual VF,not_promoted
bcl,COMP-Y-EAE,EAE,HOLD_C,4,AIX-BLOCK-016,SFX021,0.29822228443449045,"{""SFX021"": 0.29822228443449045}",Node: l/d AVG,not_promoted
bcl,COMP-Y-EAE,EAE,HOLD_C,5,AIX-BLOCK-014,SFX019,0.29666853303471447,"{""SFX019"": 0.29666853303471447}",Global: l/d AVG,not_promoted
bcl,COMP-Y-EAE,EAE,HOLD_C,6,AIX-BLOCK-023,SFX028,0.2964893321254861,"{""SFX028"": 0.2964893321254861}",Global: Angle-Y (weighted with length)-STDEV,not_promoted
bcl,COMP-Y-EAE,EAE,HOLD_C,7,AIX-BLOCK-019,SFX024,0.29272827140251906,"{""SFX024"": 0.29272827140251906}",Global: Angle-X (weighted with length)-STDEV,not_promoted
bcl,COMP-Y-EAE,EAE,HOLD_C,8,AIX-BLOCK-005,SFX008,0.22052514595850892,"{""SFX008"": 0.22052514595850892, ""SFX010"": 0.22052514595850892}",Global: Strut No. at Nodes-STDEV,not_promoted
bcl,COMP-Y-EAE,EAE,HOLD_L,1,AIX-BLOCK-016,SFX021,0.5845864661654135,"{""SFX021"": 0.5845864661654135}",Node: l/d AVG,not_promoted
bcl,COMP-Y-EAE,EAE,HOLD_L,2,AIX-BLOCK-014,SFX019,0.569678506611356,"{""SFX019"": 0.569678506611356}",Global: l/d AVG,not_promoted
bcl,COMP-Y-EAE,EAE,HOLD_L,3,AIX-BLOCK-028,SFX034,0.49897101009613853,"{""SFX034"": 0.49897101009613853, ""SFX036"": 0.49897101009613853}",mean_radius_mm,not_promoted
bcl,COMP-Y-EAE,EAE,HOLD_L,4,AIX-BLOCK-031,SFX038,0.49897101009613853,"{""SFX038"": 0.49897101009613853}",surface_to_solid_volume_1_per_mm,not_promoted
bcl,COMP-Y-EAE,EAE,HOLD_L,5,AIX-BLOCK-005,SFX008,0.48887051246666297,"{""SFX008"": 0.48887051246666297, ""SFX010"": 0.48887051246666297}",Global: Strut No. at Nodes-STDEV,not_promoted
bcl,COMP-Y-EAE,EAE,HOLD_L,6,AIX-BLOCK-001,SFX004,0.4639616282084522,"{""SFX004"": 0.4639616282084522, ""SFX039"": 0.4639616282084522}",Actual VF,not_promoted
bcl,COMP-Y-EAE,EAE,HOLD_L,7,AIX-BLOCK-019,SFX024,0.4205235632272213,"{""SFX024"": 0.4205235632272213}",Global: Angle-X (weighted with length)-STDEV,not_promoted
bcl,COMP-Y-EAE,EAE,HOLD_L,8,AIX-BLOCK-023,SFX028,0.4205235632272213,"{""SFX028"": 0.4205235632272213}",Global: Angle-Y (weighted with length)-STDEV,not_promoted
bcl,COMP-Y-SE,SE,HOLD_B,1,AIX-BLOCK-028,SFX034,0.35165826505522685,"{""SFX034"": 0.35165826505522685, ""SFX036"": 0.35165826505522685}",mean_radius_mm,not_promoted
bcl,COMP-Y-SE,SE,HOLD_B,2,AIX-BLOCK-031,SFX038,0.35161200249204944,"{""SFX038"": 0.35161200249204944}",surface_to_solid_volume_1_per_mm,not_promoted
bcl,COMP-Y-SE,SE,HOLD_B,3,AIX-BLOCK-016,SFX021,0.28824503256548617,"{""SFX021"": 0.28824503256548617}",Node: l/d AVG,not_promoted
bcl,COMP-Y-SE,SE,HOLD_B,4,AIX-BLOCK-014,SFX019,0.28494717815353193,"{""SFX019"": 0.28494717815353193}",Global: l/d AVG,not_promoted
bcl,COMP-Y-SE,SE,HOLD_B,5,AIX-BLOCK-001,SFX004,0.25999847994686426,"{""SFX004"": 0.25999847994686426, ""SFX039"": 0.25999847994686426}",Actual VF,not_promoted
bcl,COMP-Y-SE,SE,HOLD_B,6,AIX-BLOCK-027,SFX033,0.24993555580751123,"{""SFX033"": 0.24993555580751123}",total_strut_length_mm,not_promoted
bcl,COMP-Y-SE,SE,HOLD_B,7,AIX-BLOCK-015,SFX020,0.22235804376745014,"{""SFX020"": 0.22235804376745014}",Global: l/d STDEV,not_promoted
bcl,COMP-Y-SE,SE,HOLD_B,8,AIX-BLOCK-005,SFX008,0.20241951619301193,"{""SFX008"": 0.20241951619301193, ""SFX010"": 0.20241951619301193}",Global: Strut No. at Nodes-STDEV,not_promoted
bcl,COMP-Y-SE,SE,HOLD_C,1,AIX-BLOCK-028,SFX034,0.34190929451287794,"{""SFX034"": 0.34190929451287794, ""SFX036"": 0.34190929451287794}",mean_radius_mm,not_promoted
bcl,COMP-Y-SE,SE,HOLD_C,2,AIX-BLOCK-031,SFX038,0.3418253079507279,"{""SFX038"": 0.3418253079507279}",surface_to_solid_volume_1_per_mm,not_promoted
bcl,COMP-Y-SE,SE,HOLD_C,3,AIX-BLOCK-027,SFX033,0.30315642028174705,"{""SFX033"": 0.30315642028174705}",total_strut_length_mm,not_promoted
bcl,COMP-Y-SE,SE,HOLD_C,4,AIX-BLOCK-014,SFX019,0.26194008958566634,"{""SFX019"": 0.26194008958566634}",Global: l/d AVG,not_promoted
bcl,COMP-Y-SE,SE,HOLD_C,5,AIX-BLOCK-016,SFX021,0.2551511758118701,"{""SFX021"": 0.2551511758118701}",Node: l/d AVG,not_promoted
bcl,COMP-Y-SE,SE,HOLD_C,6,AIX-BLOCK-005,SFX008,0.24274643873142482,"{""SFX008"": 0.24274643873142482, ""SFX010"": 0.24274643873142482}",Global: Strut No. at Nodes-STDEV,not_promoted
bcl,COMP-Y-SE,SE,HOLD_C,7,AIX-BLOCK-033,SFX044,0.23569231453691605,"{""SFX044"": 0.23569231453691605}",mass_center_y_mm,not_promoted
bcl,COMP-Y-SE,SE,HOLD_C,8,AIX-BLOCK-015,SFX020,0.20574311526530562,"{""SFX020"": 0.20574311526530562}",Global: l/d STDEV,not_promoted
bcl,COMP-Y-SE,SE,HOLD_L,1,AIX-BLOCK-016,SFX021,0.5694192377495464,"{""SFX021"": 0.5694192377495464}",Node: l/d AVG,not_promoted
bcl,COMP-Y-SE,SE,HOLD_L,2,AIX-BLOCK-014,SFX019,0.5544464609800364,"{""SFX019"": 0.5544464609800364}",Global: l/d AVG,not_promoted
bcl,COMP-Y-SE,SE,HOLD_L,3,AIX-BLOCK-005,SFX008,0.5161273311625342,"{""SFX008"": 0.5161273311625342, ""SFX010"": 0.5161273311625342}",Global: Strut No. at Nodes-STDEV,not_promoted
bcl,COMP-Y-SE,SE,HOLD_L,4,AIX-BLOCK-028,SFX034,0.5016285589937667,"{""SFX034"": 0.5016285589937667, ""SFX036"": 0.5016285589937667}",mean_radius_mm,not_promoted
bcl,COMP-Y-SE,SE,HOLD_L,5,AIX-BLOCK-031,SFX038,0.5016285589937667,"{""SFX038"": 0.5016285589937667}",surface_to_solid_volume_1_per_mm,not_promoted
bcl,COMP-Y-SE,SE,HOLD_L,6,AIX-BLOCK-001,SFX004,0.4022556390977444,"{""SFX004"": 0.4022556390977444, ""SFX039"": 0.4022556390977444}",Actual VF,not_promoted
bcl,COMP-Y-SE,SE,HOLD_L,7,AIX-BLOCK-015,SFX020,0.39758839448233574,"{""SFX020"": 0.39758839448233574}",Global: l/d STDEV,not_promoted
bcl,COMP-Y-SE,SE,HOLD_L,8,AIX-BLOCK-019,SFX024,0.394618220981172,"{""SFX024"": 0.394618220981172}",Global: Angle-X (weighted with length)-STDEV,not_promoted
bcl,COMP-Y-TOTAL-ENERGY,Total energy,HOLD_B,1,AIX-BLOCK-030,SFX037,0.7628254483330634,"{""SFX037"": 0.7628254483330634}",surface_area_mm2,not_promoted
bcl,COMP-Y-TOTAL-ENERGY,Total energy,HOLD_B,2,AIX-BLOCK-001,SFX004,0.675885017893669,"{""SFX004"": 0.675885017893669, ""SFX039"": 0.675885017893669}",Actual VF,not_promoted
bcl,COMP-Y-TOTAL-ENERGY,Total energy,HOLD_B,3,AIX-BLOCK-027,SFX033,0.33794140567013836,"{""SFX033"": 0.33794140567013836}",total_strut_length_mm,not_promoted
bcl,COMP-Y-TOTAL-ENERGY,Total energy,HOLD_B,4,AIX-BLOCK-009,SFX014,0.29472039530933297,"{""SFX014"": 0.29472039530933297}",Global: Angle-Z (weighted with length)-STDEV,not_promoted
bcl,COMP-Y-TOTAL-ENERGY,Total energy,HOLD_B,5,AIX-BLOCK-004,SFX007,0.2741675430251844,"{""SFX007"": 0.2741675430251844, ""SFX009"": 0.2741675430251844}",Global: Strut No. at Nodes-AVG,not_promoted
bcl,COMP-Y-TOTAL-ENERGY,Total energy,HOLD_B,6,AIX-BLOCK-023,SFX028,0.2610638826950617,"{""SFX028"": 0.2610638826950617}",Global: Angle-Y (weighted with length)-STDEV,not_promoted
bcl,COMP-Y-TOTAL-ENERGY,Total energy,HOLD_B,7,AIX-BLOCK-019,SFX024,0.25971031064520006,"{""SFX024"": 0.25971031064520006}",Global: Angle-X (weighted with length)-STDEV,not_promoted
bcl,COMP-Y-TOTAL-ENERGY,Total energy,HOLD_B,8,AIX-BLOCK-003,SFX006,0.25610126725237387,"{""SFX006"": 0.25610126725237387}",Strut 개수,not_promoted
bcl,COMP-Y-TOTAL-ENERGY,Total energy,HOLD_C,1,AIX-BLOCK-001,SFX004,0.7347704367301231,"{""SFX004"": 0.7347704367301231, ""SFX039"": 0.7347704367301231}",Actual VF,not_promoted
bcl,COMP-Y-TOTAL-ENERGY,Total energy,HOLD_C,2,AIX-BLOCK-030,SFX037,0.7189249720044792,"{""SFX037"": 0.7189249720044792}",surface_area_mm2,not_promoted
bcl,COMP-Y-TOTAL-ENERGY,Total energy,HOLD_C,3,AIX-BLOCK-028,SFX034,0.4071108622620381,"{""SFX034"": 0.4071108622620381, ""SFX036"": 0.4071108622620381}",mean_radius_mm,not_promoted
bcl,COMP-Y-TOTAL-ENERGY,Total energy,HOLD_C,4,AIX-BLOCK-031,SFX038,0.40673292273236283,"{""SFX038"": 0.40673292273236283}",surface_to_solid_volume_1_per_mm,not_promoted
bcl,COMP-Y-TOTAL-ENERGY,Total energy,HOLD_C,5,AIX-BLOCK-016,SFX021,0.27869540873460247,"{""SFX021"": 0.27869540873460247}",Node: l/d AVG,not_promoted
bcl,COMP-Y-TOTAL-ENERGY,Total energy,HOLD_C,6,AIX-BLOCK-009,SFX014,0.2759927418836724,"{""SFX014"": 0.2759927418836724}",Global: Angle-Z (weighted with length)-STDEV,not_promoted
bcl,COMP-Y-TOTAL-ENERGY,Total energy,HOLD_C,7,AIX-BLOCK-014,SFX019,0.2652855543113102,"{""SFX019"": 0.2652855543113102}",Global: l/d AVG,not_promoted
bcl,COMP-Y-TOTAL-ENERGY,Total energy,HOLD_C,8,AIX-BLOCK-023,SFX028,0.2528661261114637,"{""SFX028"": 0.2528661261114637}",Global: Angle-Y (weighted with length)-STDEV,not_promoted
bcl,COMP-Y-TOTAL-ENERGY,Total energy,HOLD_L,1,AIX-BLOCK-001,SFX004,0.741573761991185,"{""SFX004"": 0.741573761991185, ""SFX039"": 0.741573761991185}",Actual VF,not_promoted
bcl,COMP-Y-TOTAL-ENERGY,Total energy,HOLD_L,2,AIX-BLOCK-030,SFX037,0.5108892921960074,"{""SFX037"": 0.5108892921960074}",surface_area_mm2,not_promoted
bcl,COMP-Y-TOTAL-ENERGY,Total energy,HOLD_L,3,AIX-BLOCK-016,SFX021,0.42228415867254343,"{""SFX021"": 0.42228415867254343}",Node: l/d AVG,not_promoted
bcl,COMP-Y-TOTAL-ENERGY,Total energy,HOLD_L,4,AIX-BLOCK-014,SFX019,0.4093207155820587,"{""SFX019"": 0.4093207155820587}",Global: l/d AVG,not_promoted
bcl,COMP-Y-TOTAL-ENERGY,Total energy,HOLD_L,5,AIX-BLOCK-019,SFX024,0.36744682817422564,"{""SFX024"": 0.36744682817422564}",Global: Angle-X (weighted with length)-STDEV,not_promoted
bcl,COMP-Y-TOTAL-ENERGY,Total energy,HOLD_L,6,AIX-BLOCK-023,SFX028,0.36744682817422564,"{""SFX028"": 0.36744682817422564}",Global: Angle-Y (weighted with length)-STDEV,not_promoted
bcl,COMP-Y-TOTAL-ENERGY,Total energy,HOLD_L,7,AIX-BLOCK-009,SFX014,0.35887663976199874,"{""SFX014"": 0.35887663976199874}",Global: Angle-Z (weighted with length)-STDEV,not_promoted
bcl,COMP-Y-TOTAL-ENERGY,Total energy,HOLD_L,8,AIX-BLOCK-028,SFX034,0.32525805776337013,"{""SFX034"": 0.32525805776337013, ""SFX036"": 0.32525805776337013}",mean_radius_mm,not_promoted
bcl,COMP-Y-SEA,SEA,HOLD_B,1,AIX-BLOCK-030,SFX037,0.6561111092752981,"{""SFX037"": 0.6561111092752981}",surface_area_mm2,not_promoted
bcl,COMP-Y-SEA,SEA,HOLD_B,2,AIX-BLOCK-001,SFX004,0.4754230539189282,"{""SFX004"": 0.4754230539189282, ""SFX039"": 0.4754230539189282}",Actual VF,not_promoted
bcl,COMP-Y-SEA,SEA,HOLD_B,3,AIX-BLOCK-027,SFX033,0.3833674053250315,"{""SFX033"": 0.3833674053250315}",total_strut_length_mm,not_promoted
bcl,COMP-Y-SEA,SEA,HOLD_B,4,AIX-BLOCK-009,SFX014,0.3659768556029302,"{""SFX014"": 0.3659768556029302}",Global: Angle-Z (weighted with length)-STDEV,not_promoted
bcl,COMP-Y-SEA,SEA,HOLD_B,5,AIX-BLOCK-023,SFX028,0.3175050353687874,"{""SFX028"": 0.3175050353687874}",Global: Angle-Y (weighted with length)-STDEV,not_promoted
bcl,COMP-Y-SEA,SEA,HOLD_B,6,AIX-BLOCK-019,SFX024,0.3162267068102203,"{""SFX024"": 0.3162267068102203}",Global: Angle-X (weighted with length)-STDEV,not_promoted
bcl,COMP-Y-SEA,SEA,HOLD_B,7,AIX-BLOCK-004,SFX007,0.30532016528472405,"{""SFX007"": 0.30532016528472405, ""SFX009"": 0.30532016528472405}",Global: Strut No. at Nodes-AVG,not_promoted
bcl,COMP-Y-SEA,SEA,HOLD_B,8,AIX-BLOCK-003,SFX006,0.29014339180193083,"{""SFX006"": 0.29014339180193083}",Strut 개수,not_promoted
bcl,COMP-Y-SEA,SEA,HOLD_C,1,AIX-BLOCK-030,SFX037,0.6141517357222844,"{""SFX037"": 0.6141517357222844}",surface_area_mm2,not_promoted
bcl,COMP-Y-SEA,SEA,HOLD_C,2,AIX-BLOCK-001,SFX004,0.5694568868980963,"{""SFX004"": 0.5694568868980963, ""SFX039"": 0.5694568868980963}",Actual VF,not_promoted
bcl,COMP-Y-SEA,SEA,HOLD_C,3,AIX-BLOCK-009,SFX014,0.3431755081189743,"{""SFX014"": 0.3431755081189743}",Global: Angle-Z (weighted with length)-STDEV,not_promoted
bcl,COMP-Y-SEA,SEA,HOLD_C,4,AIX-BLOCK-023,SFX028,0.305929704850948,"{""SFX028"": 0.305929704850948}",Global: Angle-Y (weighted with length)-STDEV,not_promoted
bcl,COMP-Y-SEA,SEA,HOLD_C,5,AIX-BLOCK-019,SFX024,0.3036683733269295,"{""SFX024"": 0.3036683733269295}",Global: Angle-X (weighted with length)-STDEV,not_promoted
bcl,COMP-Y-SEA,SEA,HOLD_C,6,AIX-BLOCK-028,SFX034,0.26063829787234044,"{""SFX034"": 0.26063829787234044, ""SFX036"": 0.26063829787234044}",mean_radius_mm,not_promoted
bcl,COMP-Y-SEA,SEA,HOLD_C,7,AIX-BLOCK-031,SFX038,0.26031634938409853,"{""SFX038"": 0.26031634938409853}",surface_to_solid_volume_1_per_mm,not_promoted
bcl,COMP-Y-SEA,SEA,HOLD_C,8,AIX-BLOCK-027,SFX033,0.2528941390869102,"{""SFX033"": 0.2528941390869102}",total_strut_length_mm,not_promoted
bcl,COMP-Y-SEA,SEA,HOLD_L,1,AIX-BLOCK-019,SFX024,0.5586204628696947,"{""SFX024"": 0.5586204628696947}",Global: Angle-X (weighted with length)-STDEV,not_promoted
bcl,COMP-Y-SEA,SEA,HOLD_L,2,AIX-BLOCK-023,SFX028,0.5586204628696947,"{""SFX028"": 0.5586204628696947}",Global: Angle-Y (weighted with length)-STDEV,not_promoted
bcl,COMP-Y-SEA,SEA,HOLD_L,3,AIX-BLOCK-009,SFX014,0.5471286193169359,"{""SFX014"": 0.5471286193169359}",Global: Angle-Z (weighted with length)-STDEV,not_promoted
bcl,COMP-Y-SEA,SEA,HOLD_L,4,AIX-BLOCK-001,SFX004,0.41158931812289345,"{""SFX004"": 0.41158931812289345, ""SFX039"": 0.41158931812289345}",Actual VF,not_promoted
bcl,COMP-Y-SEA,SEA,HOLD_L,5,AIX-BLOCK-016,SFX021,0.3054835364272751,"{""SFX021"": 0.3054835364272751}",Node: l/d AVG,not_promoted
bcl,COMP-Y-SEA,SEA,HOLD_L,6,AIX-BLOCK-014,SFX019,0.2833808659579985,"{""SFX019"": 0.2833808659579985}",Global: l/d AVG,not_promoted
bcl,COMP-Y-SEA,SEA,HOLD_L,7,AIX-BLOCK-012,SFX017,0.2605721738784054,"{""SFX017"": 0.2605721738784054}",Node: Angle-Z (weighted with length)-AVG,not_promoted
bcl,COMP-Y-SEA,SEA,HOLD_L,8,AIX-BLOCK-010,SFX015,0.23705031546547456,"{""SFX015"": 0.23705031546547456}",Node: Length - AVG,not_promoted
bcl,COMP-Y-MAX-PLATEAU-STRESS,Max. Plateau stress,HOLD_B,1,AIX-BLOCK-001,SFX004,0.6866046969641896,"{""SFX004"": 0.6866046969641896, ""SFX039"": 0.6866046969641896}",Actual VF,not_promoted
bcl,COMP-Y-MAX-PLATEAU-STRESS,Max. Plateau stress,HOLD_B,2,AIX-BLOCK-028,SFX034,0.5124636301909874,"{""SFX034"": 0.5124636301909874, ""SFX036"": 0.5124636301909874}",mean_radius_mm,not_promoted
bcl,COMP-Y-MAX-PLATEAU-STRESS,Max. Plateau stress,HOLD_B,3,AIX-BLOCK-031,SFX038,0.5123050156886649,"{""SFX038"": 0.5123050156886649}",surface_to_solid_volume_1_per_mm,not_promoted
bcl,COMP-Y-MAX-PLATEAU-STRESS,Max. Plateau stress,HOLD_B,4,AIX-BLOCK-030,SFX037,0.47724711768185285,"{""SFX037"": 0.47724711768185285}",surface_area_mm2,not_promoted
bcl,COMP-Y-MAX-PLATEAU-STRESS,Max. Plateau stress,HOLD_B,5,AIX-BLOCK-016,SFX021,0.43038982754005833,"{""SFX021"": 0.43038982754005833}",Node: l/d AVG,not_promoted
bcl,COMP-Y-MAX-PLATEAU-STRESS,Max. Plateau stress,HOLD_B,6,AIX-BLOCK-014,SFX019,0.41800469894686754,"{""SFX019"": 0.41800469894686754}",Global: l/d AVG,not_promoted
bcl,COMP-Y-MAX-PLATEAU-STRESS,Max. Plateau stress,HOLD_B,7,AIX-BLOCK-009,SFX014,0.1771892136078889,"{""SFX014"": 0.1771892136078889}",Global: Angle-Z (weighted with length)-STDEV,not_promoted
bcl,COMP-Y-MAX-PLATEAU-STRESS,Max. Plateau stress,HOLD_B,8,AIX-BLOCK-023,SFX028,0.16447100635938902,"{""SFX028"": 0.16447100635938902}",Global: Angle-Y (weighted with length)-STDEV,not_promoted
bcl,COMP-Y-MAX-PLATEAU-STRESS,Max. Plateau stress,HOLD_C,1,AIX-BLOCK-001,SFX004,0.6575727883538633,"{""SFX004"": 0.6575727883538633, ""SFX039"": 0.6575727883538633}",Actual VF,not_promoted
bcl,COMP-Y-MAX-PLATEAU-STRESS,Max. Plateau stress,HOLD_C,2,AIX-BLOCK-028,SFX034,0.5326847704367301,"{""SFX034"": 0.5326847704367301, ""SFX036"": 0.5326847704367301}",mean_radius_mm,not_promoted
bcl,COMP-Y-MAX-PLATEAU-STRESS,Max. Plateau stress,HOLD_C,3,AIX-BLOCK-031,SFX038,0.5324468085106383,"{""SFX038"": 0.5324468085106383}",surface_to_solid_volume_1_per_mm,not_promoted
bcl,COMP-Y-MAX-PLATEAU-STRESS,Max. Plateau stress,HOLD_C,4,AIX-BLOCK-016,SFX021,0.5044512877939529,"{""SFX021"": 0.5044512877939529}",Node: l/d AVG,not_promoted
bcl,COMP-Y-MAX-PLATEAU-STRESS,Max. Plateau stress,HOLD_C,5,AIX-BLOCK-014,SFX019,0.4943309070548712,"{""SFX019"": 0.4943309070548712}",Global: l/d AVG,not_promoted
bcl,COMP-Y-MAX-PLATEAU-STRESS,Max. Plateau stress,HOLD_C,6,AIX-BLOCK-030,SFX037,0.43934770436730125,"{""SFX037"": 0.43934770436730125}",surface_area_mm2,not_promoted
bcl,COMP-Y-MAX-PLATEAU-STRESS,Max. Plateau stress,HOLD_C,7,AIX-BLOCK-009,SFX014,0.30529154258499647,"{""SFX014"": 0.30529154258499647}",Global: Angle-Z (weighted with length)-STDEV,not_promoted
bcl,COMP-Y-MAX-PLATEAU-STRESS,Max. Plateau stress,HOLD_C,8,AIX-BLOCK-023,SFX028,0.3024490926517236,"{""SFX028"": 0.3024490926517236}",Global: Angle-Y (weighted with length)-STDEV,not_promoted
bcl,COMP-Y-MAX-PLATEAU-STRESS,Max. Plateau stress,HOLD_L,1,AIX-BLOCK-001,SFX004,0.7468887736582838,"{""SFX004"": 0.7468887736582838, ""SFX039"": 0.7468887736582838}",Actual VF,not_promoted
bcl,COMP-Y-MAX-PLATEAU-STRESS,Max. Plateau stress,HOLD_L,2,AIX-BLOCK-016,SFX021,0.6719600725952813,"{""SFX021"": 0.6719600725952813}",Node: l/d AVG,not_promoted
bcl,COMP-Y-MAX-PLATEAU-STRESS,Max. Plateau stress,HOLD_L,3,AIX-BLOCK-014,SFX019,0.6529038112522687,"{""SFX019"": 0.6529038112522687}",Global: l/d AVG,not_promoted
bcl,COMP-Y-MAX-PLATEAU-STRESS,Max. Plateau stress,HOLD_L,4,AIX-BLOCK-028,SFX034,0.5915639027854519,"{""SFX034"": 0.5915639027854519, ""SFX036"": 0.5915639027854519}",mean_radius_mm,not_promoted
bcl,COMP-Y-MAX-PLATEAU-STRESS,Max. Plateau stress,HOLD_L,5,AIX-BLOCK-031,SFX038,0.5915639027854519,"{""SFX038"": 0.5915639027854519}",surface_to_solid_volume_1_per_mm,not_promoted
bcl,COMP-Y-MAX-PLATEAU-STRESS,Max. Plateau stress,HOLD_L,6,AIX-BLOCK-009,SFX014,0.48528691884234454,"{""SFX014"": 0.48528691884234454}",Global: Angle-Z (weighted with length)-STDEV,not_promoted
bcl,COMP-Y-MAX-PLATEAU-STRESS,Max. Plateau stress,HOLD_L,7,AIX-BLOCK-019,SFX024,0.46697787996167817,"{""SFX024"": 0.46697787996167817}",Global: Angle-X (weighted with length)-STDEV,not_promoted
bcl,COMP-Y-MAX-PLATEAU-STRESS,Max. Plateau stress,HOLD_L,8,AIX-BLOCK-023,SFX028,0.46697787996167817,"{""SFX028"": 0.46697787996167817}",Global: Angle-Y (weighted with length)-STDEV,not_promoted
