role,ordinal,excel_col,normalized_header,dtype,nan_count,raw_value_hash,nan_mask_hash
feature,0,I,node | 5x5x5,float64,144,b1de930fa71dadf2c69f170c0ef545224f7f5df820140523ff89a4959688839d,19ab4d872f756815749964cd25327c94bc7b997ed7faf9c51f36773b3557a00d
feature,1,J,strut | 5x5x5,float64,144,23fe55a275a81a814e77d82db6365148ce1608cb842de3ac8b39210142a3db0e,19ab4d872f756815749964cd25327c94bc7b997ed7faf9c51f36773b3557a00d
feature,2,K,Criteria | 5x5x5,float64,144,d6852ae3ceddf471e48b042bc9c43d2d6c47000529a47286d48a2579d2d994a5,19ab4d872f756815749964cd25327c94bc7b997ed7faf9c51f36773b3557a00d
feature,3,L,Global: Strut No. at Nodes-AVG | Criteria | 5x5x5,float64,145,618615f26d7175aa2b3352fab7af3fd36aa482e5d1e219c9bddcd11a3a458761,31124621f07832c51cb1b237d6655c777153d81679a5df6f68603e6d87125394
feature,4,M,Global: Strut No. at Nodes-STDEV | Criteria | 5x5x5,float64,145,da4132540e9238a22038369564f37b03449c0a1c273fec7edbd2f55319b7a748,31124621f07832c51cb1b237d6655c777153d81679a5df6f68603e6d87125394
feature,5,N,Global: l/d AVG | Criteria | 5x5x5,float64,145,38fbd300eb2888a93a3d711c719dbba4b216d00363c8a8e30a322b9d3a72c4a6,31124621f07832c51cb1b237d6655c777153d81679a5df6f68603e6d87125394
feature,6,O,Global: l/d STDEV | Criteria | 5x5x5,float64,145,fcced89fdf414e2d590929366a008f4203f169344d637d5c4553ef0ece9328d2,31124621f07832c51cb1b237d6655c777153d81679a5df6f68603e6d87125394
feature,7,P,Global: Length - AVG | Criteria | 5x5x5,float64,145,661fd66f8bf06f2abd7b918d14c85c5c197252f46ffc213cff036a9b8989cf07,31124621f07832c51cb1b237d6655c777153d81679a5df6f68603e6d87125394
feature,8,Q,Global: Length - STDEV | Criteria | 5x5x5,float64,145,c5d77c0f9e14bbf7f496bfbdf1bead439535f97b50352a24b54757f5107ca9a1,31124621f07832c51cb1b237d6655c777153d81679a5df6f68603e6d87125394
feature,9,R,Global: Angle (weighted with length)-AVG | Criteria | 5x5x5,float64,145,4e251690523c98002c453f06bc114b8470e8ec6032cd69240b33350a836017f1,31124621f07832c51cb1b237d6655c777153d81679a5df6f68603e6d87125394
feature,10,S,Global: Angle (weighted with length)-STDEV | Criteria | 5x5x5,float64,145,a395021aa205c30df62195a646c85d53d12adf7cedbfa5eb662c30df8a143db2,31124621f07832c51cb1b237d6655c777153d81679a5df6f68603e6d87125394
feature,11,T,Node: l/d AVG | Criteria | 5x5x5,float64,145,3a0ba4bf55de187384c04b393aab5dd48d84b40f7101c693d022241a90205dda,31124621f07832c51cb1b237d6655c777153d81679a5df6f68603e6d87125394
feature,12,U,Node: l/d- STDEV | Criteria | 5x5x5,float64,145,42dce9b1b262f59de25afb1aadcb8aa59448a69436db202cc6fa6a1e7376aede,31124621f07832c51cb1b237d6655c777153d81679a5df6f68603e6d87125394
feature,13,V,Node: Length - AVG | Criteria | 5x5x5,float64,131,9884adee4052b20aab8318ac5bf7c061084127f8462f00b81b818dd638534342,3f5e765325743ded2dc1ac21385cc202a25db801b0e6d0a3549dcaaad093da89
feature,14,W,Node: Length - STDEV | Criteria | 5x5x5,float64,131,8583ffc3c86b76c7e85e074d8928bcedac183b1061dedff25dfa103fba2b0d70,3f5e765325743ded2dc1ac21385cc202a25db801b0e6d0a3549dcaaad093da89
feature,15,X,Node: Angle (weighted with length)-AVG | Criteria | 5x5x5,float64,145,fae7a06ea5b570ace0d8bbd8e9b4de6b218f9327879be901e198a2a1a5f218ed,31124621f07832c51cb1b237d6655c777153d81679a5df6f68603e6d87125394
feature,16,Y,Node: Angle (weighted with length)-STDEV | Criteria | 5x5x5,float64,145,b33f35ff72cec813e660c04e4d6910ac38f0dd90e11c9e9eea333b674b34f3ef,31124621f07832c51cb1b237d6655c777153d81679a5df6f68603e6d87125394
feature,17,Z,Structural parameters: External | Overlay images | Thickness | IP,float64,0,bb031209e4a8673a0f0369d732b64bc1e364dbd9bab808ac21fc7b97189757ab,ec36965143c620db5dc43938945ec25a42b4ac2a15cbdd105cf79c5db2ff6be5
feature,18,AA,Structural parameters: External | Overlay images | Thickness | IP-stdev,float64,0,f31515650665fc6d1d5072e9b577ba47903574dd8a35538fea2d7d61691fe500,ec36965143c620db5dc43938945ec25a42b4ac2a15cbdd105cf79c5db2ff6be5
feature,19,AB,Structural parameters: External | Overlay images | Thickness | LIP,float64,0,14476e1e1544295e75473f8ea12e9f5b5215b860c901c4607dc4fbddb2105603,ec36965143c620db5dc43938945ec25a42b4ac2a15cbdd105cf79c5db2ff6be5
feature,20,AC,Structural parameters: External | Overlay images | Thickness | LIP-stdev,float64,0,5147cf8f54e04fd0ebb714121efabf16a7884ed9b986738d3dcd87462e5ab171,ec36965143c620db5dc43938945ec25a42b4ac2a15cbdd105cf79c5db2ff6be5
feature,21,AD,Structural parameters: External | Overlay images | Thickness | LTP,float64,0,b01e7d8f8a165bfe35e078aa037c1c9982520eb3d7058c2a9681c2a2433e33c0,ec36965143c620db5dc43938945ec25a42b4ac2a15cbdd105cf79c5db2ff6be5
feature,22,AE,Structural parameters: External | Overlay images | Thickness | LIP-stdev__2,float64,0,b71b9d8014a91aa36227658253afee9292526039d6d4976e8681df472e55c774,ec36965143c620db5dc43938945ec25a42b4ac2a15cbdd105cf79c5db2ff6be5
feature,23,AF,Structural parameters: External | Overlay images | Thickness | AVG,float64,0,330f0c8dd1fa76b4c9bf9fa7220b44b0336118cc018765b2b738714a1ec756e5,ec36965143c620db5dc43938945ec25a42b4ac2a15cbdd105cf79c5db2ff6be5
feature,24,AG,Structural parameters: External | Overlay images | Thickness | Std,float64,0,ed2ea1c6a9a2ee20420c60550cb54a938c95c6512e8441c408b4038a24f31890,ec36965143c620db5dc43938945ec25a42b4ac2a15cbdd105cf79c5db2ff6be5
feature,25,AH,Structural parameters: External | Overlay images | Thickness | SQRT(AVG),float64,0,6b700ceb0ae56ca6fb679f634ddc11ff06da1e500ad024d6be01b9f0f8cae44f,ec36965143c620db5dc43938945ec25a42b4ac2a15cbdd105cf79c5db2ff6be5
feature,26,AI,Structural parameters: External | Overlay images | Mass Orientation | IP,float64,0,f67f53865d8006089fdd1d72e05908033eab0484d3cb8d71863db9214714e7e5,ec36965143c620db5dc43938945ec25a42b4ac2a15cbdd105cf79c5db2ff6be5
feature,27,AJ,Structural parameters: External | Overlay images | Mass Orientation | IP-stdev,float64,0,655f1267fa0763d39b8deaec65ffda669271e9b3e25dd1fa08bcdb00e1a72d14,ec36965143c620db5dc43938945ec25a42b4ac2a15cbdd105cf79c5db2ff6be5
feature,28,AK,Structural parameters: External | Overlay images | Mass Orientation | LIP,float64,0,3e38a9922eba7ddada2b370fcf7b3e885f66d9e66d803a569f6286826d6f67bb,ec36965143c620db5dc43938945ec25a42b4ac2a15cbdd105cf79c5db2ff6be5
feature,29,AL,Structural parameters: External | Overlay images | Mass Orientation | LIP-stdev,float64,0,36749d93fe239ad96270f08141bcf4ae22d7d0dad7c6bb2dbf64d6f6645630c6,ec36965143c620db5dc43938945ec25a42b4ac2a15cbdd105cf79c5db2ff6be5
feature,30,AM,Structural parameters: External | Overlay images | Mass Orientation | LTP,float64,0,99f979937d958980b657baef283e13d3be83c6a5565645568561f305bd11113e,ec36965143c620db5dc43938945ec25a42b4ac2a15cbdd105cf79c5db2ff6be5
feature,31,AN,Structural parameters: External | Overlay images | Mass Orientation | LIP-stdev__2,float64,0,c1d27faaf663eeb2bf5d17031793ca00c300a6fed7dc38daad77d8cb22f2ac60,ec36965143c620db5dc43938945ec25a42b4ac2a15cbdd105cf79c5db2ff6be5
feature,32,AO,Structural parameters: External | Overlay images | Mass Orientation | AVG,float64,0,765083cdb062e0609b34da63e66b58479d53707e071d9c755cf1d88d041c0717,ec36965143c620db5dc43938945ec25a42b4ac2a15cbdd105cf79c5db2ff6be5
feature,33,AP,Structural parameters: External | Overlay images | Mass Orientation | Std,float64,0,55de4289c6e6c4f47b8deb6d1053c8b71a1f1b7d3425c656c8cc3768d5ab02b8,ec36965143c620db5dc43938945ec25a42b4ac2a15cbdd105cf79c5db2ff6be5
feature,34,AQ,Structural parameters: External | Overlay images | Curvature | IP,float64,0,f61b5fcb83e467a151ff39e38f5ca202b8f026b1207bb5bcc618d77d3d82fba6,ec36965143c620db5dc43938945ec25a42b4ac2a15cbdd105cf79c5db2ff6be5
feature,35,AR,Structural parameters: External | Overlay images | Curvature | IP-stdev,float64,0,2ea404324c824151659092c47c594e1c882cdfa11b06bc3004964b720de2e2ac,ec36965143c620db5dc43938945ec25a42b4ac2a15cbdd105cf79c5db2ff6be5
feature,36,AS,Structural parameters: External | Overlay images | Curvature | LIP,float64,0,33abae41b2dc5f23fc3131861e571d6c0b1dffe7f415329d4faf6c3e9a798da0,ec36965143c620db5dc43938945ec25a42b4ac2a15cbdd105cf79c5db2ff6be5
feature,37,AT,Structural parameters: External | Overlay images | Curvature | LIP-stdev,float64,0,975a65c7e13de57becbdda49cec6549af91c61754f80f69a4f5de3bb266ce97c,ec36965143c620db5dc43938945ec25a42b4ac2a15cbdd105cf79c5db2ff6be5
feature,38,AU,Structural parameters: External | Overlay images | Curvature | LTP,float64,0,7d99f371ad3569f86ae71ec3dc0095ae23748c0ba6eb3aa23257c9a5164f21fa,ec36965143c620db5dc43938945ec25a42b4ac2a15cbdd105cf79c5db2ff6be5
feature,39,AV,Structural parameters: External | Overlay images | Curvature | LIP-stdev__2,float64,0,5a46b33ccce39803ddb62d55ea3638509d271bb18c843bd697ca8ac7245c263f,ec36965143c620db5dc43938945ec25a42b4ac2a15cbdd105cf79c5db2ff6be5
feature,40,AW,Structural parameters: External | Overlay images | Curvature | AVG,float64,0,7571ee6bd48ca8cb4bff57c500958228f916509107863685febf05bc5b5350f7,ec36965143c620db5dc43938945ec25a42b4ac2a15cbdd105cf79c5db2ff6be5
feature,41,AX,Structural parameters: External | Overlay images | Curvature | Std,float64,0,cdf3182fd89b48af06c11367f6a7a8b1412704120c66be6dd1d85608e4e1f8ea,ec36965143c620db5dc43938945ec25a42b4ac2a15cbdd105cf79c5db2ff6be5
feature,42,AY,Structural parameters: External | Overlay images | Angle | IP,float64,0,03e8fe053a8b9b7acaf10ecdd4aceaa7ea57c955f95137404f4e8558bad2d2d8,ec36965143c620db5dc43938945ec25a42b4ac2a15cbdd105cf79c5db2ff6be5
feature,43,AZ,Structural parameters: External | Overlay images | Angle | IP-stdev,float64,0,b8bd55962d8214148cb992632b835b4b6b2922d8428dca3f2830f0fb602ddaeb,ec36965143c620db5dc43938945ec25a42b4ac2a15cbdd105cf79c5db2ff6be5
feature,44,BA,Structural parameters: External | Overlay images | Angle | LIP,float64,0,e596cf8e2578f27ab177474921da143e6b38522bac6c72d520ce84c9b640174a,ec36965143c620db5dc43938945ec25a42b4ac2a15cbdd105cf79c5db2ff6be5
feature,45,BB,Structural parameters: External | Overlay images | Angle | LIP-stdev,float64,0,cc9eb6bfa3bd7c31d8475d6f37cc2b193a9c3c35ee08c8204aff8fbf64a55783,ec36965143c620db5dc43938945ec25a42b4ac2a15cbdd105cf79c5db2ff6be5
feature,46,BC,Structural parameters: External | Overlay images | Angle | LTP,float64,0,e596cf8e2578f27ab177474921da143e6b38522bac6c72d520ce84c9b640174a,ec36965143c620db5dc43938945ec25a42b4ac2a15cbdd105cf79c5db2ff6be5
feature,47,BD,Structural parameters: External | Overlay images | Angle | LIP-stdev__2,float64,0,cc9eb6bfa3bd7c31d8475d6f37cc2b193a9c3c35ee08c8204aff8fbf64a55783,ec36965143c620db5dc43938945ec25a42b4ac2a15cbdd105cf79c5db2ff6be5
feature,48,BE,Structural parameters: External | Overlay images | Angle | AVG,float64,0,372506d5cf29c3344e234be83fe8fd819f2521d045ef830a6102c43dbbe1609d,ec36965143c620db5dc43938945ec25a42b4ac2a15cbdd105cf79c5db2ff6be5
feature,49,BF,Structural parameters: External | Overlay images | Angle | Std,float64,0,63deda1d8c22f9b942bcea03550c300d389a60c07bc3286844c41d3b82cdd06e,ec36965143c620db5dc43938945ec25a42b4ac2a15cbdd105cf79c5db2ff6be5
feature,50,BG,Structural parameters: External | Overlay images | perimeter to area | IP,float64,0,5da6741411a9af00ac2961bc82c735d712dc95fde9ff6738ec0d535ceca3ec02,ec36965143c620db5dc43938945ec25a42b4ac2a15cbdd105cf79c5db2ff6be5
feature,51,BH,Structural parameters: External | Overlay images | perimeter to area | IP-stdev,float64,0,e41c25f278c8960340805bd84846d19247cdc7ad67dce2b03430cb10e1d65b9e,ec36965143c620db5dc43938945ec25a42b4ac2a15cbdd105cf79c5db2ff6be5
feature,52,BI,Structural parameters: External | Overlay images | perimeter to area | LIP,float64,0,de1f8d0dfa52e896f2693979e9632cdd6450ad8003db52cf28f30f7e58ce9bdd,ec36965143c620db5dc43938945ec25a42b4ac2a15cbdd105cf79c5db2ff6be5
feature,53,BJ,Structural parameters: External | Overlay images | perimeter to area | LIP-stdev,float64,0,9a66a7f9ac799ea747a746c6003b7d6044f603a07ec1172e490d93c399ef21ff,ec36965143c620db5dc43938945ec25a42b4ac2a15cbdd105cf79c5db2ff6be5
feature,54,BK,Structural parameters: External | Overlay images | perimeter to area | LTP,float64,0,de1f8d0dfa52e896f2693979e9632cdd6450ad8003db52cf28f30f7e58ce9bdd,ec36965143c620db5dc43938945ec25a42b4ac2a15cbdd105cf79c5db2ff6be5
feature,55,BL,Structural parameters: External | Overlay images | perimeter to area | LIP-stdev__2,float64,0,9a66a7f9ac799ea747a746c6003b7d6044f603a07ec1172e490d93c399ef21ff,ec36965143c620db5dc43938945ec25a42b4ac2a15cbdd105cf79c5db2ff6be5
feature,56,BM,Structural parameters: External | Overlay images | perimeter to area | AVG,float64,0,65097fa657bf8562b840810e326543ef5b7d8e559cf0a14837ecc1f626318178,ec36965143c620db5dc43938945ec25a42b4ac2a15cbdd105cf79c5db2ff6be5
feature,57,BN,Structural parameters: External | Overlay images | perimeter to area | Std,float64,0,4a5d59f8981371f0c0cf2bbc2c2d8267a3eb98b957f6eb2de9b90cd290d90b68,ec36965143c620db5dc43938945ec25a42b4ac2a15cbdd105cf79c5db2ff6be5
feature,58,BO,Structural parameters: External | Overlay images | Initial Area | mm^2,float64,0,c8cc564c420e992f94bbcd17bdcbac284b5b559955a03451c8c7d1e19eb8fdf8,ec36965143c620db5dc43938945ec25a42b4ac2a15cbdd105cf79c5db2ff6be5
feature,59,BP,Structural parameters: External | Global distribution | x | Mean,float64,0,afefea3185d55b357896b069a78d9740064e2ec98a0153b4408c7d1f6c687dbe,ec36965143c620db5dc43938945ec25a42b4ac2a15cbdd105cf79c5db2ff6be5
feature,60,BQ,Structural parameters: External | Global distribution | x | Stdev,float64,0,558188db578a4065caee8757966c6f36f25cb4a407aa988e4064454e69fb87bb,ec36965143c620db5dc43938945ec25a42b4ac2a15cbdd105cf79c5db2ff6be5
feature,61,BR,Structural parameters: External | Global distribution | y | Mean,float64,0,b8b55597a004c456c4ab4efcc703712acadf0992933b1b283ab8a12a3d4f81a7,ec36965143c620db5dc43938945ec25a42b4ac2a15cbdd105cf79c5db2ff6be5
feature,62,BS,Structural parameters: External | Global distribution | y | Stdev,float64,0,9caf47727899173ae3f3f0dbc3a8d67c2183a24e92c44772b19bd840a73172e3,ec36965143c620db5dc43938945ec25a42b4ac2a15cbdd105cf79c5db2ff6be5
feature,63,BT,Structural parameters: External | Global distribution | z | Mean,float64,0,e019819c4e86351171c38f7af34d6fc3ab3406aff22489c8b6904e0a15219eaa,ec36965143c620db5dc43938945ec25a42b4ac2a15cbdd105cf79c5db2ff6be5
feature,64,BU,Structural parameters: External | Global distribution | z | Stdev,float64,0,803548afdc5c92a9dabfbc15f623da78256a3b0be0142538fde7b34482cccd43,ec36965143c620db5dc43938945ec25a42b4ac2a15cbdd105cf79c5db2ff6be5
feature,65,BV,Structural parameters: External | Global distribution | xy | Mean,float64,0,bacc22625ab516b323d1009519557333b702f32ae54295bc83cde8f2a8686591,ec36965143c620db5dc43938945ec25a42b4ac2a15cbdd105cf79c5db2ff6be5
feature,66,BW,Structural parameters: External | Global distribution | xy | Stdev,float64,0,3de3e311f6685a8f5f22143a12fff25cde3a0fda8b7f850fe3d3b237706a697d,ec36965143c620db5dc43938945ec25a42b4ac2a15cbdd105cf79c5db2ff6be5
feature,67,BX,Structural parameters: External | Global distribution | yz | Mean,float64,0,38b93a1a384ac10ac7f804b307ab95bf8497547290205b28a5d7f1f0c6e6d07e,ec36965143c620db5dc43938945ec25a42b4ac2a15cbdd105cf79c5db2ff6be5
feature,68,BY,Structural parameters: External | Global distribution | yz | Stdev,float64,0,0fb20bae002e58897d7a4287dfa2cc215165404e520831ec5d07d7bae9da0f4f,ec36965143c620db5dc43938945ec25a42b4ac2a15cbdd105cf79c5db2ff6be5
feature,69,BZ,Structural parameters: External | Global distribution | xz | Mean,float64,0,9f0bf357562a8d1f14693c97afe27f189650090d2d71d6c8fce988763fc83838,ec36965143c620db5dc43938945ec25a42b4ac2a15cbdd105cf79c5db2ff6be5
feature,70,CA,Structural parameters: External | Global distribution | xz | Stdev,float64,0,c340283d7d54d34a7160d6fbe9bb04dd93d66aa8436922ef79384f0c22250ff6,ec36965143c620db5dc43938945ec25a42b4ac2a15cbdd105cf79c5db2ff6be5
feature,71,CB,Structural parameters: External | Global distribution | xyz | Mean,float64,0,ec69d5c60ee90c0ebb5511967fc14bea92ebf602edbee6b9ed5333cb1ff0b9c6,ec36965143c620db5dc43938945ec25a42b4ac2a15cbdd105cf79c5db2ff6be5
feature,72,CC,Structural parameters: External | Global distribution | xyz | Stdev,float64,0,d7d89d3c95d46ee8b3c68d80b335e1f35ad988e087cea8f8128e995689612897,ec36965143c620db5dc43938945ec25a42b4ac2a15cbdd105cf79c5db2ff6be5
feature,73,CD,Structural parameters: External | Local distribution | x | Mean,float64,0,a090e4da901aeaedf2208d84937d82b41b7df46d95a05037d4a9a3b54c730677,ec36965143c620db5dc43938945ec25a42b4ac2a15cbdd105cf79c5db2ff6be5
feature,74,CE,Structural parameters: External | Local distribution | x | Stdev,float64,0,28d2b240883baea13bb4516c342457d7278c9b9f51849a3491b305ec085f7249,ec36965143c620db5dc43938945ec25a42b4ac2a15cbdd105cf79c5db2ff6be5
feature,75,CF,Structural parameters: External | Local distribution | y | Mean,float64,0,20e8a644bbff143cbaa48a2fa71afad0e70e91d5ab347d5f43a7081732414c46,ec36965143c620db5dc43938945ec25a42b4ac2a15cbdd105cf79c5db2ff6be5
feature,76,CG,Structural parameters: External | Local distribution | y | Stdev,float64,0,77e5e95449e905c33ccf7c412d1913da749601d30cc175aece3b321fa1ea3037,ec36965143c620db5dc43938945ec25a42b4ac2a15cbdd105cf79c5db2ff6be5
feature,77,CH,Structural parameters: External | Local distribution | z | Mean,float64,0,2c3c953764329272439b08a5c88b0c3753899af8540ab2ab2002af8b733282d9,ec36965143c620db5dc43938945ec25a42b4ac2a15cbdd105cf79c5db2ff6be5
feature,78,CI,Structural parameters: External | Local distribution | z | Stdev,float64,0,f76852eb71fe3fc495cba3d5e8f5e479e482689ee01e56e27cb4e621e85b3025,ec36965143c620db5dc43938945ec25a42b4ac2a15cbdd105cf79c5db2ff6be5
feature,79,CJ,Structural parameters: External | Local distribution | xy | Mean,float64,0,883a1af16661038a1879f974440022ce8bf7ce0210168bd12840692cad7e895e,ec36965143c620db5dc43938945ec25a42b4ac2a15cbdd105cf79c5db2ff6be5
feature,80,CK,Structural parameters: External | Local distribution | xy | Stdev,float64,0,1c93f00d359da21abb50e6698ee002f1411c206a41b936511c5d5b1e81ee1816,ec36965143c620db5dc43938945ec25a42b4ac2a15cbdd105cf79c5db2ff6be5
feature,81,CL,Structural parameters: External | Local distribution | yz | Mean,float64,0,db2384b267d51fc50ab85bdd83a4ff1d7112705567feac6076d002528f6ccdf5,ec36965143c620db5dc43938945ec25a42b4ac2a15cbdd105cf79c5db2ff6be5
feature,82,CM,Structural parameters: External | Local distribution | yz | Stdev,float64,0,7be57a660f6c587c071f0d89924d7adb7ac124761cff30ceb2f69d62b1771c9f,ec36965143c620db5dc43938945ec25a42b4ac2a15cbdd105cf79c5db2ff6be5
feature,83,CN,Structural parameters: External | Local distribution | xz | Mean,float64,0,d24cb116a351df8450820c8d13050e24e31ab4041f993107e1c37d535a8a6c1a,ec36965143c620db5dc43938945ec25a42b4ac2a15cbdd105cf79c5db2ff6be5
feature,84,CO,Structural parameters: External | Local distribution | xz | Stdev,float64,0,cc60229aeea8909b4a5ec495bae806e0c4e131cb057628e315a1b69da7df9439,ec36965143c620db5dc43938945ec25a42b4ac2a15cbdd105cf79c5db2ff6be5
feature,85,CP,Structural parameters: External | Local distribution | xyz | Mean,float64,0,6ee864765002489e3d5899987a8f9a80d66528b639ef96b88eda3e50f969ac65,ec36965143c620db5dc43938945ec25a42b4ac2a15cbdd105cf79c5db2ff6be5
feature,86,CQ,Structural parameters: External | Local distribution | xyz | Stdev,float64,0,a53399c9cd3ab04a93a54e43bf622c1fd5e1308cea8ee8d6e4be00560bcb8aaf,ec36965143c620db5dc43938945ec25a42b4ac2a15cbdd105cf79c5db2ff6be5
feature,87,CR,Structural parameters: Internal Sound | Overlay images | Thickness | IP,float64,0,f657c8622620fb589845a218087a91c8b46ae906664f41c9e09273991fe70452,ec36965143c620db5dc43938945ec25a42b4ac2a15cbdd105cf79c5db2ff6be5
feature,88,CS,Structural parameters: Internal Sound | Overlay images | Thickness | IP-stdev,float64,0,87adf9b43756b6d5f18005e3c0d0f7a9a021e07915f3494d418d77359dcbecc3,ec36965143c620db5dc43938945ec25a42b4ac2a15cbdd105cf79c5db2ff6be5
feature,89,CT,Structural parameters: Internal Sound | Overlay images | Thickness | LIP,float64,0,a275a76caed90b901841984d2058a78a96cd8188de031c3a0ce03c9cbb21bc4c,ec36965143c620db5dc43938945ec25a42b4ac2a15cbdd105cf79c5db2ff6be5
feature,90,CU,Structural parameters: Internal Sound | Overlay images | Thickness | LIP-stdev,float64,0,6e85c555132c25c7d199c224dad9948c0cca20a136b8014a9817792051f5a42c,ec36965143c620db5dc43938945ec25a42b4ac2a15cbdd105cf79c5db2ff6be5
feature,91,CV,Structural parameters: Internal Sound | Overlay images | Thickness | LTP,float64,0,61903a9201eb260fe7e393d153d91d6a464838c08f46dbda9129a93c81829d65,ec36965143c620db5dc43938945ec25a42b4ac2a15cbdd105cf79c5db2ff6be5
feature,92,CW,Structural parameters: Internal Sound | Overlay images | Thickness | LIP-stdev__2,float64,0,5798d396015b4a1cd1c4a9c0a557e6fb2fbbf80fe6b61036dca6e6cb1d341f5f,ec36965143c620db5dc43938945ec25a42b4ac2a15cbdd105cf79c5db2ff6be5
feature,93,CX,Structural parameters: Internal Sound | Overlay images | Thickness | AVG,float64,0,4630e8d205c9985022d94f03a7231a048fa761c342d7f40f098306716f931412,ec36965143c620db5dc43938945ec25a42b4ac2a15cbdd105cf79c5db2ff6be5
feature,94,CY,Structural parameters: Internal Sound | Overlay images | Thickness | Std,float64,0,cbf5d98d3f6c009f824e5388385d6cb468935e142325feccf241c1289280aef5,ec36965143c620db5dc43938945ec25a42b4ac2a15cbdd105cf79c5db2ff6be5
feature,95,CZ,Structural parameters: Internal Sound | Overlay images | Mass Orientation | IP,float64,0,1704eb0e06692e248e9d4e10e9e6dcae09eae09fe98d517eb4cab3e178704f0b,ec36965143c620db5dc43938945ec25a42b4ac2a15cbdd105cf79c5db2ff6be5
feature,96,DA,Structural parameters: Internal Sound | Overlay images | Mass Orientation | IP-stdev,float64,0,48bbf08e6cfda1a07d6c071492ecdfbc02b169901ef135f28cc5233f1f17073a,ec36965143c620db5dc43938945ec25a42b4ac2a15cbdd105cf79c5db2ff6be5
feature,97,DB,Structural parameters: Internal Sound | Overlay images | Mass Orientation | LIP,float64,0,506b86123e4cbe97c621e48dc89e2dc96b096dbc9b49d362bc2d051ab71fc078,ec36965143c620db5dc43938945ec25a42b4ac2a15cbdd105cf79c5db2ff6be5
feature,98,DC,Structural parameters: Internal Sound | Overlay images | Mass Orientation | LIP-stdev,float64,0,c192910b656204bf23fe722dcab55d654d2ce8b7e7032137f27c86396642d3cb,ec36965143c620db5dc43938945ec25a42b4ac2a15cbdd105cf79c5db2ff6be5
feature,99,DD,Structural parameters: Internal Sound | Overlay images | Mass Orientation | LTP,float64,0,c961b942c9a0a3c13ae7f750cdb6cec8d220c04f30538e64f5bc55f625da7c37,ec36965143c620db5dc43938945ec25a42b4ac2a15cbdd105cf79c5db2ff6be5
feature,100,DE,Structural parameters: Internal Sound | Overlay images | Mass Orientation | LIP-stdev__2,float64,0,26d43496031d638d613c1e3a812779be768065d47e1ac37f21c585690aea7099,ec36965143c620db5dc43938945ec25a42b4ac2a15cbdd105cf79c5db2ff6be5
feature,101,DF,Structural parameters: Internal Sound | Overlay images | Mass Orientation | AVG,float64,0,a5c1741cd74c108e2d6fd8125a09f3e7d42c48b0290d197d47b6639c584a4b49,ec36965143c620db5dc43938945ec25a42b4ac2a15cbdd105cf79c5db2ff6be5
feature,102,DG,Structural parameters: Internal Sound | Overlay images | Mass Orientation | Std,float64,0,324c30428928efb591abebe5156b6cef209349863f59038299e35aa56fd4f16f,ec36965143c620db5dc43938945ec25a42b4ac2a15cbdd105cf79c5db2ff6be5
feature,103,DH,Structural parameters: Internal Sound | Overlay images | Curvature | IP,float64,0,85463f0cba5642d3116a9a9352813d06b56d497359f4f2f061101a3c6079e1cc,ec36965143c620db5dc43938945ec25a42b4ac2a15cbdd105cf79c5db2ff6be5
feature,104,DI,Structural parameters: Internal Sound | Overlay images | Curvature | IP-stdev,float64,0,9add377cd1cc0964a8408c16019cef4d33335475d2ca30b45106239c60c1887b,ec36965143c620db5dc43938945ec25a42b4ac2a15cbdd105cf79c5db2ff6be5
feature,105,DJ,Structural parameters: Internal Sound | Overlay images | Curvature | LIP,float64,0,894c9baf3839afa73fb936d597efae5bfa97af8d291fdd5baf61e8d64e71603e,ec36965143c620db5dc43938945ec25a42b4ac2a15cbdd105cf79c5db2ff6be5
feature,106,DK,Structural parameters: Internal Sound | Overlay images | Curvature | LIP-stdev,float64,0,ca19105c2ef50c30da7aa45728692ee1b9cfa76f6c515f0e6d07b802f4bfaa96,ec36965143c620db5dc43938945ec25a42b4ac2a15cbdd105cf79c5db2ff6be5
feature,107,DL,Structural parameters: Internal Sound | Overlay images | Curvature | LTP,float64,0,d09471e3741d0e6e5317e9d50bfeba121fea7b60cb778685315884ae337a5c26,ec36965143c620db5dc43938945ec25a42b4ac2a15cbdd105cf79c5db2ff6be5
feature,108,DM,Structural parameters: Internal Sound | Overlay images | Curvature | LIP-stdev__2,float64,0,4b2c78f9d33080202d218354b3bf10d1f1071453ccb65a1f423f7d405c339c88,ec36965143c620db5dc43938945ec25a42b4ac2a15cbdd105cf79c5db2ff6be5
feature,109,DN,Structural parameters: Internal Sound | Overlay images | Curvature | AVG,float64,0,4c0e07683c818f233791866835ef7d5c2565c5edb12ac30035e77e989d3ca880,ec36965143c620db5dc43938945ec25a42b4ac2a15cbdd105cf79c5db2ff6be5
feature,110,DO,Structural parameters: Internal Sound | Overlay images | Curvature | Std,float64,0,49079d7005f17f61796ffa75823567782e1deea388fdf87ef9e0808c4f639752,ec36965143c620db5dc43938945ec25a42b4ac2a15cbdd105cf79c5db2ff6be5
feature,111,DP,Structural parameters: Internal Sound | Overlay images | Angle | IP,float64,0,5e7a54536151924a583b459d61d0dfddfc7a9e62b6101b1323927bcd50556fc6,ec36965143c620db5dc43938945ec25a42b4ac2a15cbdd105cf79c5db2ff6be5
feature,112,DQ,Structural parameters: Internal Sound | Overlay images | Angle | IP-stdev,float64,0,b97e8324b36949349dd90285e30b8789888684bad411de900a73d1039af80ecd,ec36965143c620db5dc43938945ec25a42b4ac2a15cbdd105cf79c5db2ff6be5
feature,113,DR,Structural parameters: Internal Sound | Overlay images | Angle | LIP,float64,0,1d763b06568730e9d8d953d83dc638d8da4f6693005d196b328dd46ab918d1d3,ec36965143c620db5dc43938945ec25a42b4ac2a15cbdd105cf79c5db2ff6be5
feature,114,DS,Structural parameters: Internal Sound | Overlay images | Angle | LIP-stdev,float64,0,c866de58796e570abdcd9ea86cdfbd2fbc429dde01a80e3ae46120f3e61595f5,ec36965143c620db5dc43938945ec25a42b4ac2a15cbdd105cf79c5db2ff6be5
feature,115,DT,Structural parameters: Internal Sound | Overlay images | Angle | LTP,float64,0,1d763b06568730e9d8d953d83dc638d8da4f6693005d196b328dd46ab918d1d3,ec36965143c620db5dc43938945ec25a42b4ac2a15cbdd105cf79c5db2ff6be5
feature,116,DU,Structural parameters: Internal Sound | Overlay images | Angle | LIP-stdev__2,float64,0,c866de58796e570abdcd9ea86cdfbd2fbc429dde01a80e3ae46120f3e61595f5,ec36965143c620db5dc43938945ec25a42b4ac2a15cbdd105cf79c5db2ff6be5
feature,117,DV,Structural parameters: Internal Sound | Overlay images | Angle | AVG,float64,0,fd6b6d3bb709bc5d8240b256f44374802f73fa43018d282c653357c8532ee5dc,ec36965143c620db5dc43938945ec25a42b4ac2a15cbdd105cf79c5db2ff6be5
feature,118,DW,Structural parameters: Internal Sound | Overlay images | Angle | Std,float64,0,413b0ef557df44cc1473b77407d3e3ccc47dcc823ffdeb7921007b5433c18e58,ec36965143c620db5dc43938945ec25a42b4ac2a15cbdd105cf79c5db2ff6be5
feature,119,DX,Structural parameters: Internal Sound | Overlay images | perimeter to area | IP,float64,0,fac913212ba2a5b32ce63f2e24b7401721c28d87dacb624a6f72b23e4a43d756,ec36965143c620db5dc43938945ec25a42b4ac2a15cbdd105cf79c5db2ff6be5
feature,120,DY,Structural parameters: Internal Sound | Overlay images | perimeter to area | IP-stdev,float64,0,a7265ae58e042447e7978d57253c72dae755d847291d8aaebe2c5a548c63ee12,ec36965143c620db5dc43938945ec25a42b4ac2a15cbdd105cf79c5db2ff6be5
feature,121,DZ,Structural parameters: Internal Sound | Overlay images | perimeter to area | LIP,float64,0,c3d88d988a03f285d4dfa01e3bd955dca515fbb6bb1fae0404900c8656bc81a8,ec36965143c620db5dc43938945ec25a42b4ac2a15cbdd105cf79c5db2ff6be5
feature,122,EA,Structural parameters: Internal Sound | Overlay images | perimeter to area | LIP-stdev,float64,0,ffb3717539d4859666ba8c4d4578d4c639e1e78ca2a4b532bb3870a1270e1570,ec36965143c620db5dc43938945ec25a42b4ac2a15cbdd105cf79c5db2ff6be5
feature,123,EB,Structural parameters: Internal Sound | Overlay images | perimeter to area | LTP,float64,0,c3d88d988a03f285d4dfa01e3bd955dca515fbb6bb1fae0404900c8656bc81a8,ec36965143c620db5dc43938945ec25a42b4ac2a15cbdd105cf79c5db2ff6be5
feature,124,EC,Structural parameters: Internal Sound | Overlay images | perimeter to area | LIP-stdev__2,float64,0,ffb3717539d4859666ba8c4d4578d4c639e1e78ca2a4b532bb3870a1270e1570,ec36965143c620db5dc43938945ec25a42b4ac2a15cbdd105cf79c5db2ff6be5
feature,125,ED,Structural parameters: Internal Sound | Overlay images | perimeter to area | AVG,float64,0,6cb88b725e8a05ed60d6b949048ffa5ca88981d7ca8b401c991d26b7ff6278ac,ec36965143c620db5dc43938945ec25a42b4ac2a15cbdd105cf79c5db2ff6be5
feature,126,EE,Structural parameters: Internal Sound | Overlay images | perimeter to area | Std,float64,0,f89e971c3459a2a01a0a8a0e7adfc7fabe03ecb15b728c4160eff4919f4fd7cc,ec36965143c620db5dc43938945ec25a42b4ac2a15cbdd105cf79c5db2ff6be5
feature,127,EF,Structural parameters: Internal Sound | Overlay images | Initial Area | mm^2,float64,0,329397974eae97f49ac6ed21906f1947e1813b2faced5fda859da557d7f48065,ec36965143c620db5dc43938945ec25a42b4ac2a15cbdd105cf79c5db2ff6be5
feature,128,EG,Structural parameters: Internal Heat dissipation | Overlay images | Thickness | IP,float64,0,4adf01a2cf5cefbbc565620c5f329e4daeb605435b42dae3e806e72a73df2092,ec36965143c620db5dc43938945ec25a42b4ac2a15cbdd105cf79c5db2ff6be5
feature,129,EH,Structural parameters: Internal Heat dissipation | Overlay images | Thickness | IP-stdev,float64,0,a3c521874dee38f5ddad38eb9059a0a2619e7722552a6992ecb3facab2e49edc,ec36965143c620db5dc43938945ec25a42b4ac2a15cbdd105cf79c5db2ff6be5
feature,130,EI,Structural parameters: Internal Heat dissipation | Overlay images | Thickness | LIP,float64,0,06524887cb25182720802cffd334288e4678d25956c6ac06adc4a4262439e381,ec36965143c620db5dc43938945ec25a42b4ac2a15cbdd105cf79c5db2ff6be5
feature,131,EJ,Structural parameters: Internal Heat dissipation | Overlay images | Thickness | LIP-stdev,float64,0,ae2a28c23b24e75b27d82f58f9341ad50676fb781610b91ea0dc30a935bdc9c1,ec36965143c620db5dc43938945ec25a42b4ac2a15cbdd105cf79c5db2ff6be5
feature,132,EK,Structural parameters: Internal Heat dissipation | Overlay images | Thickness | LTP,float64,0,28e416705ca24b12ca86cfdca0d9bfdbe3a6d211712c6504f8af7ca3ab1127d1,ec36965143c620db5dc43938945ec25a42b4ac2a15cbdd105cf79c5db2ff6be5
feature,133,EL,Structural parameters: Internal Heat dissipation | Overlay images | Thickness | LIP-stdev__2,float64,0,c3f088173eee35a307a533ea8065026b5c387ea810441aad7f53db286dc09e0d,ec36965143c620db5dc43938945ec25a42b4ac2a15cbdd105cf79c5db2ff6be5
feature,134,EM,Structural parameters: Internal Heat dissipation | Overlay images | Thickness | AVG,float64,0,35acce17d64a7f4b33f85371471964e1727d1f925b760a670e7d240849f914fd,ec36965143c620db5dc43938945ec25a42b4ac2a15cbdd105cf79c5db2ff6be5
feature,135,EN,Structural parameters: Internal Heat dissipation | Overlay images | Thickness | Std,float64,0,07206528df7b180ae5278d73d6dfc431b8df1f86a8a274a845c5a485b476d537,ec36965143c620db5dc43938945ec25a42b4ac2a15cbdd105cf79c5db2ff6be5
feature,136,EO,Structural parameters: Internal Heat dissipation | Overlay images | Mass Orientation | IP,float64,0,2c7af8e795d4a7cfa22a530ac0fc99ee761d40315794756e7fc267e50c87f994,ec36965143c620db5dc43938945ec25a42b4ac2a15cbdd105cf79c5db2ff6be5
feature,137,EP,Structural parameters: Internal Heat dissipation | Overlay images | Mass Orientation | IP-stdev,float64,0,53c208fca8dc22f6f85a8c842167918c97feb5e9dec10785244a8782eb10cc28,ec36965143c620db5dc43938945ec25a42b4ac2a15cbdd105cf79c5db2ff6be5
feature,138,EQ,Structural parameters: Internal Heat dissipation | Overlay images | Mass Orientation | LIP,float64,0,9f930a2f8d53741f32515e408ad44ed37a6d18adfc075ad2d089c407d0a01717,ec36965143c620db5dc43938945ec25a42b4ac2a15cbdd105cf79c5db2ff6be5
feature,139,ER,Structural parameters: Internal Heat dissipation | Overlay images | Mass Orientation | LIP-stdev,float64,0,e01cf674dbd340cff9fbc1567dbff36349788e89b92c535b88cb478197908b2f,ec36965143c620db5dc43938945ec25a42b4ac2a15cbdd105cf79c5db2ff6be5
feature,140,ES,Structural parameters: Internal Heat dissipation | Overlay images | Mass Orientation | LTP,float64,0,4a09c8b62a9e5a0a8e2eb7d169d781a12dbf8897226ee81fdfd5ae7b45e0499a,ec36965143c620db5dc43938945ec25a42b4ac2a15cbdd105cf79c5db2ff6be5
feature,141,ET,Structural parameters: Internal Heat dissipation | Overlay images | Mass Orientation | LIP-stdev__2,float64,0,bdd6a55edc2f2fd4bef940b274f512c8349fd1fb51cecfa457a08f605150b595,ec36965143c620db5dc43938945ec25a42b4ac2a15cbdd105cf79c5db2ff6be5
feature,142,EU,Structural parameters: Internal Heat dissipation | Overlay images | Mass Orientation | AVG,float64,0,6127cf1345ff60a5701563527913781f5fce494aaca876c1134903799c1a29e1,ec36965143c620db5dc43938945ec25a42b4ac2a15cbdd105cf79c5db2ff6be5
feature,143,EV,Structural parameters: Internal Heat dissipation | Overlay images | Mass Orientation | Std,float64,0,fe66f7abf19c8ca2416634bc7b02c7274aa5ba43daee04c70843fa028c73287a,ec36965143c620db5dc43938945ec25a42b4ac2a15cbdd105cf79c5db2ff6be5
feature,144,EW,Structural parameters: Internal Heat dissipation | Overlay images | Curvature | IP,float64,0,94cdf0837ef7cadd4da345a46ec35cb8953d381bc93aa28891fa88ad08e5c465,ec36965143c620db5dc43938945ec25a42b4ac2a15cbdd105cf79c5db2ff6be5
feature,145,EX,Structural parameters: Internal Heat dissipation | Overlay images | Curvature | IP-stdev,float64,0,37d588d8ea88cbc1c7ab284d68b18a222a835473f6d12712a3fb63e53943c686,ec36965143c620db5dc43938945ec25a42b4ac2a15cbdd105cf79c5db2ff6be5
feature,146,EY,Structural parameters: Internal Heat dissipation | Overlay images | Curvature | LIP,float64,0,d77f7561ef3d2871c56a1b614b3cd1baaa5848d987e116371ed1961d7d16164e,ec36965143c620db5dc43938945ec25a42b4ac2a15cbdd105cf79c5db2ff6be5
feature,147,EZ,Structural parameters: Internal Heat dissipation | Overlay images | Curvature | LIP-stdev,float64,0,9e777da74df87bc7308cd1a55f53ef5521a8535e12605878468345b866f84f58,ec36965143c620db5dc43938945ec25a42b4ac2a15cbdd105cf79c5db2ff6be5
feature,148,FA,Structural parameters: Internal Heat dissipation | Overlay images | Curvature | LTP,float64,0,2545d7eb2d554380e63f675f65e156b2198bdab292785fa30b1f4a729a2096ec,ec36965143c620db5dc43938945ec25a42b4ac2a15cbdd105cf79c5db2ff6be5
feature,149,FB,Structural parameters: Internal Heat dissipation | Overlay images | Curvature | LIP-stdev__2,float64,0,478d901c65a75dbe23e38c3f65f46a33b9a191e33eeb706a52cf58e7bc2967d3,ec36965143c620db5dc43938945ec25a42b4ac2a15cbdd105cf79c5db2ff6be5
feature,150,FC,Structural parameters: Internal Heat dissipation | Overlay images | Curvature | AVG,float64,0,eb60fe762cd9007d58dd5df7dde8c241a1fb87c8b5d0b8648d1350d88362a967,ec36965143c620db5dc43938945ec25a42b4ac2a15cbdd105cf79c5db2ff6be5
feature,151,FD,Structural parameters: Internal Heat dissipation | Overlay images | Curvature | Std,float64,0,10f68fafdc5946c4360b42499d317811b679fa1063204675e7a360badc4ca893,ec36965143c620db5dc43938945ec25a42b4ac2a15cbdd105cf79c5db2ff6be5
feature,152,FE,Structural parameters: Internal Heat dissipation | Overlay images | Angle | IP,float64,0,71793f69284e609b7408c9441cd6c66b35dee4169eccc3b1e8be7c5283a30f04,ec36965143c620db5dc43938945ec25a42b4ac2a15cbdd105cf79c5db2ff6be5
feature,153,FF,Structural parameters: Internal Heat dissipation | Overlay images | Angle | IP-stdev,float64,0,4d0291d4a7c89514a726bf69af29d751230361b8cd437487adaa45d70fb350b6,ec36965143c620db5dc43938945ec25a42b4ac2a15cbdd105cf79c5db2ff6be5
feature,154,FG,Structural parameters: Internal Heat dissipation | Overlay images | Angle | LIP,float64,0,9e3b0caf98623cc5904503a4fc68f45d9b793401800c4b21603388c53f2abc29,ec36965143c620db5dc43938945ec25a42b4ac2a15cbdd105cf79c5db2ff6be5
feature,155,FH,Structural parameters: Internal Heat dissipation | Overlay images | Angle | LIP-stdev,float64,0,b8fa2cf7145413bca772b95157516abb6f11bfb6ff40b91d7245d5d57dd5a52d,ec36965143c620db5dc43938945ec25a42b4ac2a15cbdd105cf79c5db2ff6be5
feature,156,FI,Structural parameters: Internal Heat dissipation | Overlay images | Angle | LTP,float64,0,9e3b0caf98623cc5904503a4fc68f45d9b793401800c4b21603388c53f2abc29,ec36965143c620db5dc43938945ec25a42b4ac2a15cbdd105cf79c5db2ff6be5
feature,157,FJ,Structural parameters: Internal Heat dissipation | Overlay images | Angle | LIP-stdev__2,float64,0,b8fa2cf7145413bca772b95157516abb6f11bfb6ff40b91d7245d5d57dd5a52d,ec36965143c620db5dc43938945ec25a42b4ac2a15cbdd105cf79c5db2ff6be5
feature,158,FK,Structural parameters: Internal Heat dissipation | Overlay images | Angle | AVG,float64,0,c4b005d20db2a95a769eb6dc913d57f1f6824172a2e4c3f953aa9f32e6f21b2c,ec36965143c620db5dc43938945ec25a42b4ac2a15cbdd105cf79c5db2ff6be5
feature,159,FL,Structural parameters: Internal Heat dissipation | Overlay images | Angle | Std,float64,0,44a9b71609982cc1c7a0cef1db2990faae28be1e8abe07b7894421923a456711,ec36965143c620db5dc43938945ec25a42b4ac2a15cbdd105cf79c5db2ff6be5
feature,160,FM,Structural parameters: Internal Heat dissipation | Overlay images | perimeter to area | IP,float64,0,ee91a06e033f4c79d737b2bb90fb4fcd08dbd5c21ce9bac513c1abc9e32595b1,ec36965143c620db5dc43938945ec25a42b4ac2a15cbdd105cf79c5db2ff6be5
feature,161,FN,Structural parameters: Internal Heat dissipation | Overlay images | perimeter to area | IP-stdev,float64,0,39482b71401ea49d58e5c2ff7dfd895f2e6d1c24aa6772b8a3afde67e89a0884,ec36965143c620db5dc43938945ec25a42b4ac2a15cbdd105cf79c5db2ff6be5
feature,162,FO,Structural parameters: Internal Heat dissipation | Overlay images | perimeter to area | LIP,float64,0,71f4510e4f523eb457dc703e33b83201c90b9b2535405ab72a3e44d7ca22143c,ec36965143c620db5dc43938945ec25a42b4ac2a15cbdd105cf79c5db2ff6be5
feature,163,FP,Structural parameters: Internal Heat dissipation | Overlay images | perimeter to area | LIP-stdev,float64,0,3183166849db2e073297be80e9b7760b3d48b9f8d03a0356815ab061cd2de845,ec36965143c620db5dc43938945ec25a42b4ac2a15cbdd105cf79c5db2ff6be5
feature,164,FQ,Structural parameters: Internal Heat dissipation | Overlay images | perimeter to area | LTP,float64,0,71f4510e4f523eb457dc703e33b83201c90b9b2535405ab72a3e44d7ca22143c,ec36965143c620db5dc43938945ec25a42b4ac2a15cbdd105cf79c5db2ff6be5
feature,165,FR,Structural parameters: Internal Heat dissipation | Overlay images | perimeter to area | LIP-stdev__2,float64,0,3183166849db2e073297be80e9b7760b3d48b9f8d03a0356815ab061cd2de845,ec36965143c620db5dc43938945ec25a42b4ac2a15cbdd105cf79c5db2ff6be5
feature,166,FS,Structural parameters: Internal Heat dissipation | Overlay images | perimeter to area | AVG,float64,0,23af132db748aef9d9ebafd28737538920d335c01fc1739fc4831a9209110416,ec36965143c620db5dc43938945ec25a42b4ac2a15cbdd105cf79c5db2ff6be5
feature,167,FT,Structural parameters: Internal Heat dissipation | Overlay images | perimeter to area | Std,float64,0,439d4f3e117ad298fbdd5f388c0d700f398a37457d25af57ff2713b9891804a8,ec36965143c620db5dc43938945ec25a42b4ac2a15cbdd105cf79c5db2ff6be5
feature,168,FU,Structural parameters: Internal Heat dissipation | Overlay images | Initial Area | mm^2,float64,0,1f46480ea5bfe249770e33aee03c5417e750964c00f094dd0f0a3edea3f71e25,ec36965143c620db5dc43938945ec25a42b4ac2a15cbdd105cf79c5db2ff6be5
target,0,FW,Modulus,float64,142,af55bb67050ab75c3acafce30d4fe418a08a0c4434092e12e09937c3dddffd4e,c6b67dc0e3ebc574f6abaae21cb10ec8e381a89a35e3453385aad1c25bfe45ab
target,1,FX,Com. Strength,float64,142,a91e2d186093efafe9f1d5da4c48e8bd74107220a92488c32257213b54916f41,c6b67dc0e3ebc574f6abaae21cb10ec8e381a89a35e3453385aad1c25bfe45ab
target,2,FZ,APS,float64,142,0d7e881afb15f55dd2977bd256a39d424b6f53cb03e027982a2d1e939c49a57a,c6b67dc0e3ebc574f6abaae21cb10ec8e381a89a35e3453385aad1c25bfe45ab
target,3,GA,AS,float64,142,6bc821d9a2ef3c4c7bf475d40b373661f984870c1886fce49da4a50abd6235c0,c6b67dc0e3ebc574f6abaae21cb10ec8e381a89a35e3453385aad1c25bfe45ab
target,4,GC,Yield strength,float64,142,d97338403a605c7a2c82334f3937ffecdac95c8de579b8814077814d4ef59922,c6b67dc0e3ebc574f6abaae21cb10ec8e381a89a35e3453385aad1c25bfe45ab
target,5,GG,Densif. strength,float64,142,b8f6a69cbdf083510c96937ba519ed178bb03193c654d09a1da2f972ce75f1ad,c6b67dc0e3ebc574f6abaae21cb10ec8e381a89a35e3453385aad1c25bfe45ab
target,6,GJ,Total energy,float64,142,1d7f5851b2f4528a5689fb20160e3392b63411e8a1a729fc3cc6dafc17b4b310,c6b67dc0e3ebc574f6abaae21cb10ec8e381a89a35e3453385aad1c25bfe45ab
target,7,GZ,Thermal characteristics | Thermal conductivity | W/m.K,float64,133,4e185dd21414d74e9bba9394a43cecc1aade357ebaa8a704ae0568af34a3bc2e,57a3797d83858ed5afff5b333196f92988510b3d295551040da5ac8554f83573
target,8,HA,Thermal characteristics | h | W/m.K,float64,173,6a195507ba909be2961d8f2cbdd66f56ddf8f423eff9000eebfdf36de4379163,2dee5f5f444ca0d61572176b83e07b2f94b1250c01e3342cb07d04cbdf77f4a2
target,9,HB,Thermal characteristics | Heating rate | °C/s,float64,133,0255dfd5e42c890e60da030db3e2b7bcb074c0b1b2b5a9ac6d7d1d4675aca3c6,57a3797d83858ed5afff5b333196f92988510b3d295551040da5ac8554f83573
target,10,HC,Thermal characteristics | Cooling rate | °C/s,float64,133,12987467a6c86a0a48c8040ae7a6783f311f284dddf333a9c0eeeb183e7faf6e,57a3797d83858ed5afff5b333196f92988510b3d295551040da5ac8554f83573
target,11,HD,Thermal characteristics | Heating Temp | °C/s,float64,133,7212dcecffefbcf25b27f3bf8a962c1091dba572865b5ee43aa60bd2c0611b41,57a3797d83858ed5afff5b333196f92988510b3d295551040da5ac8554f83573
target,12,HE,Vibrational response | FRF (g/N) | 300-8000 Hz | AVG,float64,5,791726159c218b4e8685d32b82bedb6717271a550e1e89de9da3de5df58c642b,64cfb823d51880daf89e860338fe00f2a8e80e10f7b2c312510e8fc05fbdf3b9
target,13,HG,Vibrational response | FRF (g/N) | 300-3000 Hz | AVG,float64,5,d3030a08d2060e12d018c9a99a8248e3ae65af200c9be2259fefc7e4fabb1445,64cfb823d51880daf89e860338fe00f2a8e80e10f7b2c312510e8fc05fbdf3b9
target,14,HI,Vibrational response | FRF (g/N) | 3000-6500 Hz | AVG,float64,5,b12c932b810f897517d5d319320dbf2cabf896fec04b400e856abb6f6b3a479b,64cfb823d51880daf89e860338fe00f2a8e80e10f7b2c312510e8fc05fbdf3b9
target,15,HK,Vibrational response | FRF (g/N) | 6500-8000 Hz | AVG,float64,5,65ea2d3cf941c3a9f719ad35b6afe5e3c62f1daac2e3584e91a5aaa8ddf370af,64cfb823d51880daf89e860338fe00f2a8e80e10f7b2c312510e8fc05fbdf3b9
