claim_id,claim,status,allowed_wording,prohibited_wording,evidence_path,evidence_sha256
CLM-001,"C1 direct STEP x-only run completed 801/801 slices, 800/800 overlays, 40 scalars; independent QA 9/9.",confirmed,C1 bounded technical completion,all58 or universal parity complete,experiments/lab_001_xy_connection_20260626/results/POSTRUN-GATE-001/POSTRUN-GATE-001-20260801-001/REPORT.md,8628e65c8d688bc52ac8f7fabc7396e756c5a5d4dbb1f38ae4982aa2f71af334
CLM-002,Imported-STL fail-closed route controller exists as versioned development integration.,confirmed,development controller and preflight,production-qualified imported STL route,experiments/lab_001_xy_connection_20260626/results/NB-INTEGRATE-001/NB-INTEGRATE-001-20260729-001/REPORT.md,61265cdab4f3f447df8211736fdb0896eaaf0e3c48d30561367238e84e2b191f
CLM-003,Nine Training source notebooks were audited; one was replayed.,confirmed,9/9 audit and 1/9 replay,nine notebooks fully replayed,experiments/lab_001_xy_connection_20260626/results/TRAIN-AUDIT-001/TRAIN-AUDIT-001-20260731-001/REPORT.md,f8a025a2ff3eef24eeda18a72180f0c0cc71893e82bfeb3acada44f15454ee08
CLM-004,Training exact numerical parity is blocked by native source runtime crash.,confirmed,blocked with evidence,numerical parity passed or native crash solved,experiments/lab_001_xy_connection_20260626/results/TRAIN-PARITY-004/TRAIN-PARITY-004-20260801-001/REPORT.md,3e3fdefb97105e06312717b5c20b0927b9fafef90289a09ee164b6530fb2313b
CLM-005,"AI Lattice technical compression pilot completed with 9,536 OOF predictions and QA 36/36.",confirmed,technical pilot with caution,"best method, production prediction, or inverse design success",experiments/lab_001_xy_connection_20260626/data/processed/COMP-FACTORY-002/COMP-FACTORY-002-AI-LATTICE-PILOT-20260731-144749/REPORT.md,3e172b200e3e87936b476635af10726f933eac665c9ec1f7184686acfb906623
CLM-006,"B/C/L and Voronoi exact-ID intake and grouped technical pilots completed: 167 exact joins, 10,688 OOF predictions total, both QA-v2 10/10 PASS_WITH_WARNINGS.",confirmed,technical screening pilots completed with warnings; no promotion,"best feature/model confirmed, production prediction, optimized structure, or inverse design success",07_COMPRESSION_DATA_AND_PILOT/COMP-FACTORY-004_HANDOFF/REPORT.md,183742bc6fad23921a14ce513570b27995d0800b0cd4387b684da0445187f6e6
CLM-007,F1 z400 representation cause remains unresolved.,unresolved,retain unresolved warning,F1 z400 solved,experiments/lab_001_xy_connection_20260626/results/ROUTE-VALID-004/ROUTE-VALID-004-20260729-001/REPORT.md,cb72eeaea007558aa0a91872ea64e583fa30340b624048f11d47245523cdc063
CLM-008,Validated y-based inverse design and performance-qualified optimal structure.,rejected,demo is structural-target only if referenced separately,validated inverse-design success,experiments/lab_001_xy_connection_20260626/results/DEMO-OPT-001/MERGE_PACKET.md,
CLM-009,"Initial grouped screening signals were observed, including B/C/L AS pooled R2 0.387 and Voronoi Compressive strain pooled R2 0.730.",likely,initial technical screening signal requiring target-specific nested stability review,"validated generalization, causal descriptor, best target, or production model",07_COMPRESSION_DATA_AND_PILOT/COMP-FACTORY-004_HANDOFF/REPORT.md,183742bc6fad23921a14ce513570b27995d0800b0cd4387b684da0445187f6e6
