gap_id,question,current_evidence,status,blocking_gate,required_no_fit_implementation,fit_authorized
GAP-001,Can current adapter represent the full source notebook method-2 contract?,FS4-P1-B implements one stability-Lasso-Ridge representative recipe only,blocked_by_adapter_gap,P4-P8,Create separate exact method-2 stage graph matching all source branches and choices,false
GAP-002,Does a source-equivalent dataset extraction adapter exist?,No current p1 adapter reads Total data workbook or reconstructs 169 X and 16 target masks,blocked_by_adapter_gap,P1,Implement hash-bound read-only extractor and ordered ledgers,false
GAP-003,Can identical fold manifests be injected into both paths?,Current source generates GSS internally and FS4 uses fixed LOFO IDs,blocked_by_adapter_gap,P3,Implement versioned fold manifest generator plus two consumers,false
GAP-004,Can both paths export a row/group prediction ledger?,Source replay exports no row-level predictions and current reusable exact adapter ledger is absent,blocked_by_adapter_gap,P6,Add observation-only prediction collectors keyed by target/fold/row/group,false
GAP-005,Can silent exceptions and None returns be observed?,Source hides some member failures and None gates; current guard errors do not trace source branches,blocked_by_adapter_gap,P4-P8,Add non-behavior-changing exception and return-path instrumentation,false
GAP-006,Is the source contract sufficiently frozen?,Input/group/split/feature/method/metric contracts and tolerances are preregistered,ready_for_controlled_parity_execution,P0-P8,No change except versioned clarification before results,false
GAP-007,Are all targets eligible for final-refit parity?,13 replay refits exist and 3 targets are held,partial_target_scope_only,P8,Keep three holds until TRAIN-REFIT-DIAG-001,false
GAP-008,Is PRM071 evidence source parity?,No; it used 54 rows 220 technical candidates five LOFO folds and representative adapters,representative_proxy_only,P0-P8,Retain as compatibility evidence only,false
GAP-009,Overall readiness,Contract ready but exact adapter/extractor/fold injection/prediction instrumentation absent,blocked_by_adapter_gap,P1-P8,Complete TRAIN-PARITY-002 no-fit implementation and independent static QA,false
