model_id,slice_index,source_sha256,replay_hash,expected_hash,exact,evidence
F1,0,d76883bc10af4f4b3817ccbe90b2863f97c9b843f30c5214cde81d2f76fdb0f8,923b0ffd1a22207230ef2d9a76434d8c9aa6bdaa7ad9541abf0bf3b2fe32a987,923b0ffd1a22207230ef2d9a76434d8c9aa6bdaa7ad9541abf0bf3b2fe32a987,True,IMSTL-007 P1000/P00 retained mask
F1,1,d76883bc10af4f4b3817ccbe90b2863f97c9b843f30c5214cde81d2f76fdb0f8,0abb87403ddbb2dfb9f82bc5fd0589316e8865ce2c82fa0b8bf5fb0f25c7d020,0abb87403ddbb2dfb9f82bc5fd0589316e8865ce2c82fa0b8bf5fb0f25c7d020,True,IMSTL-007 P1000/P00 retained mask
F1,100,d76883bc10af4f4b3817ccbe90b2863f97c9b843f30c5214cde81d2f76fdb0f8,cfe223867017aac4bc4b1352b7478d95cf0f6ce6f0f5f13ead2e980f7be0ca98,cfe223867017aac4bc4b1352b7478d95cf0f6ce6f0f5f13ead2e980f7be0ca98,True,IMSTL-007 P1000/P00 retained mask
F1,200,d76883bc10af4f4b3817ccbe90b2863f97c9b843f30c5214cde81d2f76fdb0f8,2f0c683f4d146e29682810e1cad12a1e9fdfc34af5947d555b1705ccf1bd5299,2f0c683f4d146e29682810e1cad12a1e9fdfc34af5947d555b1705ccf1bd5299,True,IMSTL-007 P1000/P00 retained mask
F1,400,d76883bc10af4f4b3817ccbe90b2863f97c9b843f30c5214cde81d2f76fdb0f8,d0654415b142198b795c589b4df284d45d78efd6ad9d8f1bf21740ea61f22e73,d0654415b142198b795c589b4df284d45d78efd6ad9d8f1bf21740ea61f22e73,True,IMSTL-007 P1000/P00 retained mask
F1,600,d76883bc10af4f4b3817ccbe90b2863f97c9b843f30c5214cde81d2f76fdb0f8,a884eeffa5c2a5a996131cd7fc95b59fd756f97488f463e2223fd86913112a2c,a884eeffa5c2a5a996131cd7fc95b59fd756f97488f463e2223fd86913112a2c,True,IMSTL-007 P1000/P00 retained mask
F1,700,d76883bc10af4f4b3817ccbe90b2863f97c9b843f30c5214cde81d2f76fdb0f8,27abae3802f41048cfe2828698f2687b6950d10d2b55997eb4f9aa62a5ad2a9a,27abae3802f41048cfe2828698f2687b6950d10d2b55997eb4f9aa62a5ad2a9a,True,IMSTL-007 P1000/P00 retained mask
F1,799,d76883bc10af4f4b3817ccbe90b2863f97c9b843f30c5214cde81d2f76fdb0f8,23478839dc9c5f4cb9d61adc6f54b42a431a9e2bd6ce53637b62bcbc8c90f05c,23478839dc9c5f4cb9d61adc6f54b42a431a9e2bd6ce53637b62bcbc8c90f05c,True,IMSTL-007 P1000/P00 retained mask
F1,800,d76883bc10af4f4b3817ccbe90b2863f97c9b843f30c5214cde81d2f76fdb0f8,923b0ffd1a22207230ef2d9a76434d8c9aa6bdaa7ad9541abf0bf3b2fe32a987,923b0ffd1a22207230ef2d9a76434d8c9aa6bdaa7ad9541abf0bf3b2fe32a987,True,IMSTL-007 P1000/P00 retained mask
B3,0,beb368e9c9945669cc202046802bd24ec15e70b61cd472ce061e2e482ba70afc,2fd9e7be3c75323f728fa9442632cdbfa45517dc80debd87b46919d2f99a17c7,2fd9e7be3c75323f728fa9442632cdbfa45517dc80debd87b46919d2f99a17c7,True,IMSTL-006 trace packedbits
B3,1,beb368e9c9945669cc202046802bd24ec15e70b61cd472ce061e2e482ba70afc,ec58ac8a4ffe9fef1c71b12198f906a2127ce42b63f27de152791c197936e2db,ec58ac8a4ffe9fef1c71b12198f906a2127ce42b63f27de152791c197936e2db,True,IMSTL-006 trace packedbits
B3,100,beb368e9c9945669cc202046802bd24ec15e70b61cd472ce061e2e482ba70afc,8ff8d1d99a39a5cc820455f1d37927ba18266a4eef2d06be564196af2031fad4,8ff8d1d99a39a5cc820455f1d37927ba18266a4eef2d06be564196af2031fad4,True,IMSTL-006 trace packedbits
B3,200,beb368e9c9945669cc202046802bd24ec15e70b61cd472ce061e2e482ba70afc,3d5ce9194e4fd0eeb9cbe2d77be2e25a4f255b4100c2695ab6659c392a33f673,3d5ce9194e4fd0eeb9cbe2d77be2e25a4f255b4100c2695ab6659c392a33f673,True,IMSTL-006 trace packedbits
B3,400,beb368e9c9945669cc202046802bd24ec15e70b61cd472ce061e2e482ba70afc,375e0a80982cc4cac98729a5e0c21d38d225ed11a8b26439dccae7e3b142fb3f,375e0a80982cc4cac98729a5e0c21d38d225ed11a8b26439dccae7e3b142fb3f,True,IMSTL-006 trace packedbits
B3,600,beb368e9c9945669cc202046802bd24ec15e70b61cd472ce061e2e482ba70afc,3d5ce9194e4fd0eeb9cbe2d77be2e25a4f255b4100c2695ab6659c392a33f673,3d5ce9194e4fd0eeb9cbe2d77be2e25a4f255b4100c2695ab6659c392a33f673,True,IMSTL-006 trace packedbits
B3,700,beb368e9c9945669cc202046802bd24ec15e70b61cd472ce061e2e482ba70afc,8ff8d1d99a39a5cc820455f1d37927ba18266a4eef2d06be564196af2031fad4,8ff8d1d99a39a5cc820455f1d37927ba18266a4eef2d06be564196af2031fad4,True,IMSTL-006 trace packedbits
B3,799,beb368e9c9945669cc202046802bd24ec15e70b61cd472ce061e2e482ba70afc,ec58ac8a4ffe9fef1c71b12198f906a2127ce42b63f27de152791c197936e2db,ec58ac8a4ffe9fef1c71b12198f906a2127ce42b63f27de152791c197936e2db,True,IMSTL-006 trace packedbits
B3,800,beb368e9c9945669cc202046802bd24ec15e70b61cd472ce061e2e482ba70afc,2fd9e7be3c75323f728fa9442632cdbfa45517dc80debd87b46919d2f99a17c7,2fd9e7be3c75323f728fa9442632cdbfa45517dc80debd87b46919d2f99a17c7,True,IMSTL-006 trace packedbits
C1,0,d798f7b032de8eccfd771037e849b201c7604b833fc0ed8ce07e316529cc5729,3eed442fc5aae08efab3aef0b9fb0cd3837e765227dccb05364154111ea822d0,3eed442fc5aae08efab3aef0b9fb0cd3837e765227dccb05364154111ea822d0,True,IMSTL-006 trace packedbits
C1,1,d798f7b032de8eccfd771037e849b201c7604b833fc0ed8ce07e316529cc5729,3eed442fc5aae08efab3aef0b9fb0cd3837e765227dccb05364154111ea822d0,3eed442fc5aae08efab3aef0b9fb0cd3837e765227dccb05364154111ea822d0,True,IMSTL-006 trace packedbits
C1,100,d798f7b032de8eccfd771037e849b201c7604b833fc0ed8ce07e316529cc5729,3f5c6a8b5884a377ab3841e000273ac96a026259505aede1e043c9cae8b4c32e,3f5c6a8b5884a377ab3841e000273ac96a026259505aede1e043c9cae8b4c32e,True,IMSTL-006 trace packedbits
C1,200,d798f7b032de8eccfd771037e849b201c7604b833fc0ed8ce07e316529cc5729,17b419ee83bda47618cb0a2d7e2716f7ba374c90c64090b89e8bf6e26fedad5a,17b419ee83bda47618cb0a2d7e2716f7ba374c90c64090b89e8bf6e26fedad5a,True,IMSTL-006 trace packedbits
C1,400,d798f7b032de8eccfd771037e849b201c7604b833fc0ed8ce07e316529cc5729,bdea690ce1d428f6e042cfc0d623207d8b14c728dd9c4c4f624ea5c7faa4b4aa,bdea690ce1d428f6e042cfc0d623207d8b14c728dd9c4c4f624ea5c7faa4b4aa,True,IMSTL-006 trace packedbits
C1,600,d798f7b032de8eccfd771037e849b201c7604b833fc0ed8ce07e316529cc5729,17b419ee83bda47618cb0a2d7e2716f7ba374c90c64090b89e8bf6e26fedad5a,17b419ee83bda47618cb0a2d7e2716f7ba374c90c64090b89e8bf6e26fedad5a,True,IMSTL-006 trace packedbits
C1,700,d798f7b032de8eccfd771037e849b201c7604b833fc0ed8ce07e316529cc5729,3f5c6a8b5884a377ab3841e000273ac96a026259505aede1e043c9cae8b4c32e,3f5c6a8b5884a377ab3841e000273ac96a026259505aede1e043c9cae8b4c32e,True,IMSTL-006 trace packedbits
C1,799,d798f7b032de8eccfd771037e849b201c7604b833fc0ed8ce07e316529cc5729,3eed442fc5aae08efab3aef0b9fb0cd3837e765227dccb05364154111ea822d0,3eed442fc5aae08efab3aef0b9fb0cd3837e765227dccb05364154111ea822d0,True,IMSTL-006 trace packedbits
C1,800,d798f7b032de8eccfd771037e849b201c7604b833fc0ed8ce07e316529cc5729,3eed442fc5aae08efab3aef0b9fb0cd3837e765227dccb05364154111ea822d0,3eed442fc5aae08efab3aef0b9fb0cd3837e765227dccb05364154111ea822d0,True,IMSTL-006 trace packedbits
L1,0,7189d16e6f812608f31cb7bf54f604caaf438272cbb31a45c153b8a2e8b0730a,5b11c453cff2ca77069d23aa67837b6d907494272501303b5a758ce6fccecf3f,5b11c453cff2ca77069d23aa67837b6d907494272501303b5a758ce6fccecf3f,True,IMSTL-006 trace packedbits
L1,1,7189d16e6f812608f31cb7bf54f604caaf438272cbb31a45c153b8a2e8b0730a,62f33ccb65e6d2d09f81906b181cf15fa64ac30a3c8fb1684dcc9008cfc2d5b7,62f33ccb65e6d2d09f81906b181cf15fa64ac30a3c8fb1684dcc9008cfc2d5b7,True,IMSTL-006 trace packedbits
L1,100,7189d16e6f812608f31cb7bf54f604caaf438272cbb31a45c153b8a2e8b0730a,e46e81a4ecbd7eaab8c0156166377178c7ad791e4d0c08c3c217a4085fe6821d,e46e81a4ecbd7eaab8c0156166377178c7ad791e4d0c08c3c217a4085fe6821d,True,IMSTL-006 trace packedbits
L1,200,7189d16e6f812608f31cb7bf54f604caaf438272cbb31a45c153b8a2e8b0730a,4eaaf27357b7261921a5fc972f1ffd1a890a34675d51920c823321208f50d62f,4eaaf27357b7261921a5fc972f1ffd1a890a34675d51920c823321208f50d62f,True,IMSTL-006 trace packedbits
L1,400,7189d16e6f812608f31cb7bf54f604caaf438272cbb31a45c153b8a2e8b0730a,1686ab1df495f0800082b3bf88b38a5ae220bfe658e434dd661e3be5912dde38,1686ab1df495f0800082b3bf88b38a5ae220bfe658e434dd661e3be5912dde38,True,IMSTL-006 trace packedbits
L1,600,7189d16e6f812608f31cb7bf54f604caaf438272cbb31a45c153b8a2e8b0730a,4eaaf27357b7261921a5fc972f1ffd1a890a34675d51920c823321208f50d62f,4eaaf27357b7261921a5fc972f1ffd1a890a34675d51920c823321208f50d62f,True,IMSTL-006 trace packedbits
L1,700,7189d16e6f812608f31cb7bf54f604caaf438272cbb31a45c153b8a2e8b0730a,e46e81a4ecbd7eaab8c0156166377178c7ad791e4d0c08c3c217a4085fe6821d,e46e81a4ecbd7eaab8c0156166377178c7ad791e4d0c08c3c217a4085fe6821d,True,IMSTL-006 trace packedbits
L1,799,7189d16e6f812608f31cb7bf54f604caaf438272cbb31a45c153b8a2e8b0730a,62f33ccb65e6d2d09f81906b181cf15fa64ac30a3c8fb1684dcc9008cfc2d5b7,62f33ccb65e6d2d09f81906b181cf15fa64ac30a3c8fb1684dcc9008cfc2d5b7,True,IMSTL-006 trace packedbits
L1,800,7189d16e6f812608f31cb7bf54f604caaf438272cbb31a45c153b8a2e8b0730a,5b11c453cff2ca77069d23aa67837b6d907494272501303b5a758ce6fccecf3f,5b11c453cff2ca77069d23aa67837b6d907494272501303b5a758ce6fccecf3f,True,IMSTL-006 trace packedbits
T1,0,cc158c6485dcdabace8d5fde7d1c2f00e59e29cca05c8a6a73b8f72b21c07575,923b0ffd1a22207230ef2d9a76434d8c9aa6bdaa7ad9541abf0bf3b2fe32a987,923b0ffd1a22207230ef2d9a76434d8c9aa6bdaa7ad9541abf0bf3b2fe32a987,True,IMSTL-006 trace packedbits
T1,1,cc158c6485dcdabace8d5fde7d1c2f00e59e29cca05c8a6a73b8f72b21c07575,563973e69945bbaf6d3c2d12fc51d2730c7d57b171812f1a91078c97e75534be,563973e69945bbaf6d3c2d12fc51d2730c7d57b171812f1a91078c97e75534be,True,IMSTL-006 trace packedbits
T1,100,cc158c6485dcdabace8d5fde7d1c2f00e59e29cca05c8a6a73b8f72b21c07575,2e2f1c4d6d41a28b6e96f8e2dfe1afae0ded08216e12a03081b572c54b8af37d,2e2f1c4d6d41a28b6e96f8e2dfe1afae0ded08216e12a03081b572c54b8af37d,True,IMSTL-006 trace packedbits
T1,200,cc158c6485dcdabace8d5fde7d1c2f00e59e29cca05c8a6a73b8f72b21c07575,84c78e044a0628b7db608d3ac0bcc39dc914433a1809d73b62ff5646401cc581,84c78e044a0628b7db608d3ac0bcc39dc914433a1809d73b62ff5646401cc581,True,IMSTL-006 trace packedbits
T1,400,cc158c6485dcdabace8d5fde7d1c2f00e59e29cca05c8a6a73b8f72b21c07575,de11f39c2442b0cd1e81aec471183ae2bf2aaa57e079ec73e885fc5097b826d0,de11f39c2442b0cd1e81aec471183ae2bf2aaa57e079ec73e885fc5097b826d0,True,IMSTL-006 trace packedbits
T1,600,cc158c6485dcdabace8d5fde7d1c2f00e59e29cca05c8a6a73b8f72b21c07575,f912e8a55c2b34d9192413d8bf38f2ef8ae82c280a49faa30bf7b64a0d823f92,f912e8a55c2b34d9192413d8bf38f2ef8ae82c280a49faa30bf7b64a0d823f92,True,IMSTL-006 trace packedbits
T1,700,cc158c6485dcdabace8d5fde7d1c2f00e59e29cca05c8a6a73b8f72b21c07575,11dac53b2dd57fb90803cad798f15adce5c2930829799275b2da2a674ddf916f,11dac53b2dd57fb90803cad798f15adce5c2930829799275b2da2a674ddf916f,True,IMSTL-006 trace packedbits
T1,799,cc158c6485dcdabace8d5fde7d1c2f00e59e29cca05c8a6a73b8f72b21c07575,4fefcdd5b7c0958aa6edc59ba5743632e740a11fa98fdc1f6145e073c5b539a4,4fefcdd5b7c0958aa6edc59ba5743632e740a11fa98fdc1f6145e073c5b539a4,True,IMSTL-006 trace packedbits
T1,800,cc158c6485dcdabace8d5fde7d1c2f00e59e29cca05c8a6a73b8f72b21c07575,923b0ffd1a22207230ef2d9a76434d8c9aa6bdaa7ad9541abf0bf3b2fe32a987,923b0ffd1a22207230ef2d9a76434d8c9aa6bdaa7ad9541abf0bf3b2fe32a987,True,IMSTL-006 trace packedbits
T8,0,24d0c1b1f1e190fcea3da70ec421968fc7cf58d8dccf367c34e8263db5677933,923b0ffd1a22207230ef2d9a76434d8c9aa6bdaa7ad9541abf0bf3b2fe32a987,923b0ffd1a22207230ef2d9a76434d8c9aa6bdaa7ad9541abf0bf3b2fe32a987,True,IMSTL-006 trace packedbits
T8,1,24d0c1b1f1e190fcea3da70ec421968fc7cf58d8dccf367c34e8263db5677933,5b01176005b8f21ef790082c3d1927ee7c957c7dfcfe06280e717c74c1120fa4,5b01176005b8f21ef790082c3d1927ee7c957c7dfcfe06280e717c74c1120fa4,True,IMSTL-006 trace packedbits
T8,100,24d0c1b1f1e190fcea3da70ec421968fc7cf58d8dccf367c34e8263db5677933,e3befd5cbba3da648c4f5c7e734adb1bc6c72e93cc1504e3c3a9e19f07a7da90,e3befd5cbba3da648c4f5c7e734adb1bc6c72e93cc1504e3c3a9e19f07a7da90,True,IMSTL-006 trace packedbits
T8,200,24d0c1b1f1e190fcea3da70ec421968fc7cf58d8dccf367c34e8263db5677933,819a8c779ce72ec8e852c3c6f05d6db535ed26e54f2cd67d9f5aec4529136f70,819a8c779ce72ec8e852c3c6f05d6db535ed26e54f2cd67d9f5aec4529136f70,True,IMSTL-006 trace packedbits
T8,400,24d0c1b1f1e190fcea3da70ec421968fc7cf58d8dccf367c34e8263db5677933,b036d6fee95a00cb873e43b223a1855b7da460e976f870905d8436e61d44081d,b036d6fee95a00cb873e43b223a1855b7da460e976f870905d8436e61d44081d,True,IMSTL-006 trace packedbits
T8,600,24d0c1b1f1e190fcea3da70ec421968fc7cf58d8dccf367c34e8263db5677933,a517d4b77a3e143a40f7736e2a91046522e9dbd7ae7f0e44128163f48da8502b,a517d4b77a3e143a40f7736e2a91046522e9dbd7ae7f0e44128163f48da8502b,True,IMSTL-006 trace packedbits
T8,700,24d0c1b1f1e190fcea3da70ec421968fc7cf58d8dccf367c34e8263db5677933,5edb7d009e7b28e35db3a011af5b3a9017ce95b213942610980ef5d0c6e2ccd1,5edb7d009e7b28e35db3a011af5b3a9017ce95b213942610980ef5d0c6e2ccd1,True,IMSTL-006 trace packedbits
T8,799,24d0c1b1f1e190fcea3da70ec421968fc7cf58d8dccf367c34e8263db5677933,0f5e2b12dcf731cffbad46cff4d04958e35d755e6d5dca52a10eb56a15d68250,0f5e2b12dcf731cffbad46cff4d04958e35d755e6d5dca52a10eb56a15d68250,True,IMSTL-006 trace packedbits
T8,800,24d0c1b1f1e190fcea3da70ec421968fc7cf58d8dccf367c34e8263db5677933,923b0ffd1a22207230ef2d9a76434d8c9aa6bdaa7ad9541abf0bf3b2fe32a987,923b0ffd1a22207230ef2d9a76434d8c9aa6bdaa7ad9541abf0bf3b2fe32a987,True,IMSTL-006 trace packedbits
T9,0,76bc0f0bd05dbe549c0fcfd5321a46b9d99ce71631faa4346a0ad2db27c9b429,923b0ffd1a22207230ef2d9a76434d8c9aa6bdaa7ad9541abf0bf3b2fe32a987,923b0ffd1a22207230ef2d9a76434d8c9aa6bdaa7ad9541abf0bf3b2fe32a987,True,IMSTL-006 trace packedbits
T9,1,76bc0f0bd05dbe549c0fcfd5321a46b9d99ce71631faa4346a0ad2db27c9b429,095a30c055e9e154325196d90137864823a4ad33d0541c5c1305047af129f163,095a30c055e9e154325196d90137864823a4ad33d0541c5c1305047af129f163,True,IMSTL-006 trace packedbits
T9,100,76bc0f0bd05dbe549c0fcfd5321a46b9d99ce71631faa4346a0ad2db27c9b429,bdb65636d2a543e9ac0fc78450761b7e9bc1216e509dbebdef164b9baa968d6b,bdb65636d2a543e9ac0fc78450761b7e9bc1216e509dbebdef164b9baa968d6b,True,IMSTL-006 trace packedbits
T9,200,76bc0f0bd05dbe549c0fcfd5321a46b9d99ce71631faa4346a0ad2db27c9b429,f00f1e52009d8ef7a89659cf27890ded63a8604c8dc933a0abc1ac76b6aaf801,f00f1e52009d8ef7a89659cf27890ded63a8604c8dc933a0abc1ac76b6aaf801,True,IMSTL-006 trace packedbits
T9,400,76bc0f0bd05dbe549c0fcfd5321a46b9d99ce71631faa4346a0ad2db27c9b429,ff1f1c253d80685b9c4ad7e8f846e77d44978490fb80228c31572d00583658ab,ff1f1c253d80685b9c4ad7e8f846e77d44978490fb80228c31572d00583658ab,True,IMSTL-006 trace packedbits
T9,600,76bc0f0bd05dbe549c0fcfd5321a46b9d99ce71631faa4346a0ad2db27c9b429,ee57dd5fe1f209581238710b9d219770d0775cf53f3e375417e67b624ff185f5,ee57dd5fe1f209581238710b9d219770d0775cf53f3e375417e67b624ff185f5,True,IMSTL-006 trace packedbits
T9,700,76bc0f0bd05dbe549c0fcfd5321a46b9d99ce71631faa4346a0ad2db27c9b429,5aebab3cd7bf800691c7aea1d4e8cddb630b68d7e30bf2f02128dee64228e358,5aebab3cd7bf800691c7aea1d4e8cddb630b68d7e30bf2f02128dee64228e358,True,IMSTL-006 trace packedbits
T9,799,76bc0f0bd05dbe549c0fcfd5321a46b9d99ce71631faa4346a0ad2db27c9b429,27d60f56cdc244d543c64e426d178cd7384a3f94cd94312d2dd6d2a5402aa664,27d60f56cdc244d543c64e426d178cd7384a3f94cd94312d2dd6d2a5402aa664,True,IMSTL-006 trace packedbits
T9,800,76bc0f0bd05dbe549c0fcfd5321a46b9d99ce71631faa4346a0ad2db27c9b429,923b0ffd1a22207230ef2d9a76434d8c9aa6bdaa7ad9541abf0bf3b2fe32a987,923b0ffd1a22207230ef2d9a76434d8c9aa6bdaa7ad9541abf0bf3b2fe32a987,True,IMSTL-006 trace packedbits
