analysis_bbox_extent_mm,analysis_uniform_scale,family,interior_gate_slice,model_id,normalization_mode,normalization_status,occupancy_gate_pass,p1000_area_fraction,p1000_mask_sha256,p1000_max_abs_winding,p1000_solid_pixels,p500_area_fraction,p500_mask_sha256,p500_max_abs_winding,p500_solid_pixels,p500_upsampled_vs_p1000_area_difference,p500_upsampled_vs_p1000_iou,resolution_gate_pass,run_id,segment_count,slice_gate_pass,slice_index,source_bbox_center_mm,source_bbox_extent_mm,source_geometry_sha256,source_triangle_count,z_active_triangle_count,z_mm
"[40.0, 40.0, 40.0]",1.0,B,False,B3,uniform_bbox_to_expected,already_expected_size,True,0.1307,2fd9e7be3c75323f728fa9442632cdbfa45517dc80debd87b46919d2f99a17c7,1,130700,0.1316,7c6031a9bc5cbd7f9e434dce761fa91899e8724a0f59e65342815c9096f7cf4d,1,32900,0.006838905775075988,0.9751506024096386,True,IMSTL-006-20260728-002,824,True,0,"[20.0, 20.0, 20.0]","[40.0, 40.0, 40.0]",beb368e9c9945669cc202046802bd24ec15e70b61cd472ce061e2e482ba70afc,52512,1861,5e-324
"[40.0, 40.0, 40.0]",1.0,B,True,B3,uniform_bbox_to_expected,already_expected_size,True,0.13926,ec58ac8a4ffe9fef1c71b12198f906a2127ce42b63f27de152791c197936e2db,2,139260,0.13932,cabd44dc2064e85fa696407e7513071dce4b8b12aa5ac56850242ce794e4dc65,2,34830,0.0004306632213608958,0.9657070279424217,True,IMSTL-006-20260728-002,1861,True,1,"[20.0, 20.0, 20.0]","[40.0, 40.0, 40.0]",beb368e9c9945669cc202046802bd24ec15e70b61cd472ce061e2e482ba70afc,52512,1861,0.05
"[40.0, 40.0, 40.0]",1.0,B,True,B3,uniform_bbox_to_expected,already_expected_size,True,0.3134,8ff8d1d99a39a5cc820455f1d37927ba18266a4eef2d06be564196af2031fad4,1,313400,0.3132,9be42d01647d7b0332f8490d68d86f78aa48e4a794be9a4f352e41d1c25c4af9,1,78300,0.0006381620931716656,0.9791535060012634,True,IMSTL-006-20260728-002,2600,True,100,"[20.0, 20.0, 20.0]","[40.0, 40.0, 40.0]",beb368e9c9945669cc202046802bd24ec15e70b61cd472ce061e2e482ba70afc,52512,2600,5.0
"[40.0, 40.0, 40.0]",1.0,B,True,B3,uniform_bbox_to_expected,already_expected_size,True,0.392,3d5ce9194e4fd0eeb9cbe2d77be2e25a4f255b4100c2695ab6659c392a33f673,1,392000,0.3928,281cf9110350914a8d023262d7d98e9d2c3d5a800b08600e9d1e61e29c13114c,1,98200,0.002036659877800407,0.9758308157099698,True,IMSTL-006-20260728-002,4800,True,200,"[20.0, 20.0, 20.0]","[40.0, 40.0, 40.0]",beb368e9c9945669cc202046802bd24ec15e70b61cd472ce061e2e482ba70afc,52512,4800,10.0
"[40.0, 40.0, 40.0]",1.0,B,True,B3,uniform_bbox_to_expected,already_expected_size,True,0.1307,375e0a80982cc4cac98729a5e0c21d38d225ed11a8b26439dccae7e3b142fb3f,1,130700,0.1316,5a69541e49eca61ecf74938aec69d02a23af3dcace9b59585350d58fdf99d9f4,1,32900,0.006838905775075988,0.9751506024096386,True,IMSTL-006-20260728-002,800,True,400,"[20.0, 20.0, 20.0]","[40.0, 40.0, 40.0]",beb368e9c9945669cc202046802bd24ec15e70b61cd472ce061e2e482ba70afc,52512,1800,20.0
"[40.0, 40.0, 40.0]",1.0,B,True,B3,uniform_bbox_to_expected,already_expected_size,True,0.392,3d5ce9194e4fd0eeb9cbe2d77be2e25a4f255b4100c2695ab6659c392a33f673,1,392000,0.3928,281cf9110350914a8d023262d7d98e9d2c3d5a800b08600e9d1e61e29c13114c,1,98200,0.002036659877800407,0.9758308157099698,True,IMSTL-006-20260728-002,4800,True,600,"[20.0, 20.0, 20.0]","[40.0, 40.0, 40.0]",beb368e9c9945669cc202046802bd24ec15e70b61cd472ce061e2e482ba70afc,52512,4800,30.0
"[40.0, 40.0, 40.0]",1.0,B,True,B3,uniform_bbox_to_expected,already_expected_size,True,0.3134,8ff8d1d99a39a5cc820455f1d37927ba18266a4eef2d06be564196af2031fad4,1,313400,0.3132,9be42d01647d7b0332f8490d68d86f78aa48e4a794be9a4f352e41d1c25c4af9,1,78300,0.0006381620931716656,0.9791535060012634,True,IMSTL-006-20260728-002,2600,True,700,"[20.0, 20.0, 20.0]","[40.0, 40.0, 40.0]",beb368e9c9945669cc202046802bd24ec15e70b61cd472ce061e2e482ba70afc,52512,2600,35.0
"[40.0, 40.0, 40.0]",1.0,B,True,B3,uniform_bbox_to_expected,already_expected_size,True,0.13926,ec58ac8a4ffe9fef1c71b12198f906a2127ce42b63f27de152791c197936e2db,2,139260,0.13932,cabd44dc2064e85fa696407e7513071dce4b8b12aa5ac56850242ce794e4dc65,2,34830,0.0004306632213608958,0.9657070279424217,True,IMSTL-006-20260728-002,1871,True,799,"[20.0, 20.0, 20.0]","[40.0, 40.0, 40.0]",beb368e9c9945669cc202046802bd24ec15e70b61cd472ce061e2e482ba70afc,52512,1871,39.95
"[40.0, 40.0, 40.0]",1.0,B,False,B3,uniform_bbox_to_expected,already_expected_size,True,0.1307,2fd9e7be3c75323f728fa9442632cdbfa45517dc80debd87b46919d2f99a17c7,1,130700,0.1316,7c6031a9bc5cbd7f9e434dce761fa91899e8724a0f59e65342815c9096f7cf4d,1,32900,0.006838905775075988,0.9751506024096386,True,IMSTL-006-20260728-002,824,True,800,"[20.0, 20.0, 20.0]","[40.0, 40.0, 40.0]",beb368e9c9945669cc202046802bd24ec15e70b61cd472ce061e2e482ba70afc,52512,1871,39.99999999999999
"[40.0, 40.0, 40.0]",1.0,C,False,C1,uniform_bbox_to_expected,already_expected_size,True,0.571,3eed442fc5aae08efab3aef0b9fb0cd3837e765227dccb05364154111ea822d0,1,571000,0.5776,f7ab8d9cc1b0622a63d379a5a5d3b6ef1d09b561f8c848c1b2b5edeb1f2c6b96,1,144400,0.011426592797783934,0.9885734072022161,True,IMSTL-006-20260728-002,304,True,0,"[20.0, 20.0, 20.0]","[40.0, 40.0, 40.0]",d798f7b032de8eccfd771037e849b201c7604b833fc0ed8ce07e316529cc5729,52212,969,5e-324
"[40.0, 40.0, 40.0]",1.0,C,True,C1,uniform_bbox_to_expected,already_expected_size,True,0.571,3eed442fc5aae08efab3aef0b9fb0cd3837e765227dccb05364154111ea822d0,6,571000,0.5776,f7ab8d9cc1b0622a63d379a5a5d3b6ef1d09b561f8c848c1b2b5edeb1f2c6b96,7,144400,0.011426592797783934,0.9885734072022161,True,IMSTL-006-20260728-002,969,True,1,"[20.0, 20.0, 20.0]","[40.0, 40.0, 40.0]",d798f7b032de8eccfd771037e849b201c7604b833fc0ed8ce07e316529cc5729,52212,969,0.05
"[40.0, 40.0, 40.0]",1.0,C,True,C1,uniform_bbox_to_expected,already_expected_size,True,0.2274,3f5c6a8b5884a377ab3841e000273ac96a026259505aede1e043c9cae8b4c32e,1,227400,0.2348,290252f6ed957ca6483e25bf9383db44551f8b44022ee780fa4e09941333d4af,1,58700,0.03151618398637138,0.9684838160136287,True,IMSTL-006-20260728-002,2818,True,100,"[20.0, 20.0, 20.0]","[40.0, 40.0, 40.0]",d798f7b032de8eccfd771037e849b201c7604b833fc0ed8ce07e316529cc5729,52212,2818,5.0
"[40.0, 40.0, 40.0]",1.0,C,True,C1,uniform_bbox_to_expected,already_expected_size,True,0.2436,17b419ee83bda47618cb0a2d7e2716f7ba374c90c64090b89e8bf6e26fedad5a,1,243600,0.2436,2ac9d5dc4cddfbe565c4dffb8ca3b6ead1e092ccb3c1288c9d33473637736145,1,60900,0.0,1.0,True,IMSTL-006-20260728-002,2622,True,200,"[20.0, 20.0, 20.0]","[40.0, 40.0, 40.0]",d798f7b032de8eccfd771037e849b201c7604b833fc0ed8ce07e316529cc5729,52212,2622,10.0
"[40.0, 40.0, 40.0]",1.0,C,True,C1,uniform_bbox_to_expected,already_expected_size,True,0.3876,bdea690ce1d428f6e042cfc0d623207d8b14c728dd9c4c4f624ea5c7faa4b4aa,1,387600,0.3956,e9cfe60bf5195e44590c537b1be1a245a6fa0c98c79f900e13243b3320de77a6,1,98900,0.020222446916076844,0.9797775530839231,True,IMSTL-006-20260728-002,518,True,400,"[20.0, 20.0, 20.0]","[40.0, 40.0, 40.0]",d798f7b032de8eccfd771037e849b201c7604b833fc0ed8ce07e316529cc5729,52212,1278,20.0
"[40.0, 40.0, 40.0]",1.0,C,True,C1,uniform_bbox_to_expected,already_expected_size,True,0.2436,17b419ee83bda47618cb0a2d7e2716f7ba374c90c64090b89e8bf6e26fedad5a,1,243600,0.2436,2ac9d5dc4cddfbe565c4dffb8ca3b6ead1e092ccb3c1288c9d33473637736145,1,60900,0.0,1.0,True,IMSTL-006-20260728-002,2618,True,600,"[20.0, 20.0, 20.0]","[40.0, 40.0, 40.0]",d798f7b032de8eccfd771037e849b201c7604b833fc0ed8ce07e316529cc5729,52212,2618,30.0
"[40.0, 40.0, 40.0]",1.0,C,True,C1,uniform_bbox_to_expected,already_expected_size,True,0.2274,3f5c6a8b5884a377ab3841e000273ac96a026259505aede1e043c9cae8b4c32e,1,227400,0.2348,290252f6ed957ca6483e25bf9383db44551f8b44022ee780fa4e09941333d4af,1,58700,0.03151618398637138,0.9684838160136287,True,IMSTL-006-20260728-002,2839,True,700,"[20.0, 20.0, 20.0]","[40.0, 40.0, 40.0]",d798f7b032de8eccfd771037e849b201c7604b833fc0ed8ce07e316529cc5729,52212,2839,35.0
"[40.0, 40.0, 40.0]",1.0,C,True,C1,uniform_bbox_to_expected,already_expected_size,True,0.571,3eed442fc5aae08efab3aef0b9fb0cd3837e765227dccb05364154111ea822d0,5,571000,0.5776,f7ab8d9cc1b0622a63d379a5a5d3b6ef1d09b561f8c848c1b2b5edeb1f2c6b96,6,144400,0.011426592797783934,0.9885734072022161,True,IMSTL-006-20260728-002,1015,True,799,"[20.0, 20.0, 20.0]","[40.0, 40.0, 40.0]",d798f7b032de8eccfd771037e849b201c7604b833fc0ed8ce07e316529cc5729,52212,1015,39.95
"[40.0, 40.0, 40.0]",1.0,C,False,C1,uniform_bbox_to_expected,already_expected_size,True,0.571,3eed442fc5aae08efab3aef0b9fb0cd3837e765227dccb05364154111ea822d0,1,571000,0.5776,f7ab8d9cc1b0622a63d379a5a5d3b6ef1d09b561f8c848c1b2b5edeb1f2c6b96,1,144400,0.011426592797783934,0.9885734072022161,True,IMSTL-006-20260728-002,304,True,800,"[20.0, 20.0, 20.0]","[40.0, 40.0, 40.0]",d798f7b032de8eccfd771037e849b201c7604b833fc0ed8ce07e316529cc5729,52212,1015,39.99999999999999
"[40.0, 40.0, 40.0]",1.0,L,False,L1,uniform_bbox_to_expected,already_expected_size,True,0.0851,5b11c453cff2ca77069d23aa67837b6d907494272501303b5a758ce6fccecf3f,1,85100,0.0856,4c3235917be0fc66a5df648c5c2d6f35568d628e9f2eb26d842d14a8e77a1c68,1,21400,0.005841121495327103,0.9688581314878892,True,IMSTL-006-20260728-002,800,True,0,"[20.0, 20.0, 20.0]","[40.0, 40.0, 40.0]",7189d16e6f812608f31cb7bf54f604caaf438272cbb31a45c153b8a2e8b0730a,76500,1900,5e-324
"[40.0, 40.0, 40.0]",1.0,L,True,L1,uniform_bbox_to_expected,already_expected_size,True,0.0907,62f33ccb65e6d2d09f81906b181cf15fa64ac30a3c8fb1684dcc9008cfc2d5b7,1,90700,0.0904,ad30fbc8b91482f64b31bca0449f1351854bfa7d325dcefa81f86ff396d5890a,1,22600,0.0033076074972436605,0.9749182115594329,True,IMSTL-006-20260728-002,1900,True,1,"[20.0, 20.0, 20.0]","[40.0, 40.0, 40.0]",7189d16e6f812608f31cb7bf54f604caaf438272cbb31a45c153b8a2e8b0730a,76500,1900,0.05
"[40.0, 40.0, 40.0]",1.0,L,True,L1,uniform_bbox_to_expected,already_expected_size,True,0.2791,e46e81a4ecbd7eaab8c0156166377178c7ad791e4d0c08c3c217a4085fe6821d,1,279100,0.2732,e38fbcaa3d4b2073487f6fa5d3a76521f1858f5cbd8a640171d12fb47bc55085,1,68300,0.021139376567538518,0.9578163771712159,True,IMSTL-006-20260728-002,3740,True,100,"[20.0, 20.0, 20.0]","[40.0, 40.0, 40.0]",7189d16e6f812608f31cb7bf54f604caaf438272cbb31a45c153b8a2e8b0730a,76500,3740,5.0
"[40.0, 40.0, 40.0]",1.0,L,True,L1,uniform_bbox_to_expected,already_expected_size,True,0.2794,4eaaf27357b7261921a5fc972f1ffd1a890a34675d51920c823321208f50d62f,1,279400,0.2808,c520bf18effb8284e2873ec31759aa2b337f9a2fb86787387b0357a09ad4aab8,1,70200,0.004985754985754986,0.9628591450595655,True,IMSTL-006-20260728-002,4800,True,200,"[20.0, 20.0, 20.0]","[40.0, 40.0, 40.0]",7189d16e6f812608f31cb7bf54f604caaf438272cbb31a45c153b8a2e8b0730a,76500,4800,10.0
"[40.0, 40.0, 40.0]",1.0,L,True,L1,uniform_bbox_to_expected,already_expected_size,True,0.584,1686ab1df495f0800082b3bf88b38a5ae220bfe658e434dd661e3be5912dde38,1,584000,0.5776,c1aa96332fd4efc5f31ce1b3a54e067ba718ac19fa2d8b6419412e5b2867ac2f,1,144400,0.010958904109589041,0.989041095890411,True,IMSTL-006-20260728-002,520,True,400,"[20.0, 20.0, 20.0]","[40.0, 40.0, 40.0]",7189d16e6f812608f31cb7bf54f604caaf438272cbb31a45c153b8a2e8b0730a,76500,1020,20.0
"[40.0, 40.0, 40.0]",1.0,L,True,L1,uniform_bbox_to_expected,already_expected_size,True,0.2794,4eaaf27357b7261921a5fc972f1ffd1a890a34675d51920c823321208f50d62f,1,279400,0.2808,c520bf18effb8284e2873ec31759aa2b337f9a2fb86787387b0357a09ad4aab8,1,70200,0.004985754985754986,0.9628591450595655,True,IMSTL-006-20260728-002,4800,True,600,"[20.0, 20.0, 20.0]","[40.0, 40.0, 40.0]",7189d16e6f812608f31cb7bf54f604caaf438272cbb31a45c153b8a2e8b0730a,76500,4800,30.0
"[40.0, 40.0, 40.0]",1.0,L,True,L1,uniform_bbox_to_expected,already_expected_size,True,0.2791,e46e81a4ecbd7eaab8c0156166377178c7ad791e4d0c08c3c217a4085fe6821d,1,279100,0.2732,e38fbcaa3d4b2073487f6fa5d3a76521f1858f5cbd8a640171d12fb47bc55085,1,68300,0.021139376567538518,0.9578163771712159,True,IMSTL-006-20260728-002,3740,True,700,"[20.0, 20.0, 20.0]","[40.0, 40.0, 40.0]",7189d16e6f812608f31cb7bf54f604caaf438272cbb31a45c153b8a2e8b0730a,76500,3740,35.0
"[40.0, 40.0, 40.0]",1.0,L,True,L1,uniform_bbox_to_expected,already_expected_size,True,0.0907,62f33ccb65e6d2d09f81906b181cf15fa64ac30a3c8fb1684dcc9008cfc2d5b7,1,90700,0.0904,ad30fbc8b91482f64b31bca0449f1351854bfa7d325dcefa81f86ff396d5890a,1,22600,0.0033076074972436605,0.9749182115594329,True,IMSTL-006-20260728-002,1900,True,799,"[20.0, 20.0, 20.0]","[40.0, 40.0, 40.0]",7189d16e6f812608f31cb7bf54f604caaf438272cbb31a45c153b8a2e8b0730a,76500,1900,39.95
"[40.0, 40.0, 40.0]",1.0,L,False,L1,uniform_bbox_to_expected,already_expected_size,True,0.0851,5b11c453cff2ca77069d23aa67837b6d907494272501303b5a758ce6fccecf3f,1,85100,0.0856,4c3235917be0fc66a5df648c5c2d6f35568d628e9f2eb26d842d14a8e77a1c68,1,21400,0.005841121495327103,0.9688581314878892,True,IMSTL-006-20260728-002,800,True,800,"[20.0, 20.0, 20.0]","[40.0, 40.0, 40.0]",7189d16e6f812608f31cb7bf54f604caaf438272cbb31a45c153b8a2e8b0730a,76500,1900,39.99999999999999
"[40.0, 40.0, 40.0]",1.0,F,False,F1,uniform_bbox_to_expected,already_expected_size,True,0.0,923b0ffd1a22207230ef2d9a76434d8c9aa6bdaa7ad9541abf0bf3b2fe32a987,0,0,0.0,582528b8a9823c04b81c37c43d24fd4578b09432312da884b566eb71dccc38d1,0,0,0.0,1.0,True,IMSTL-006-20260728-002,10,True,0,"[20.0, 20.0, 20.0]","[40.0, 40.0, 40.0]",d76883bc10af4f4b3817ccbe90b2863f97c9b843f30c5214cde81d2f76fdb0f8,52400,65,5e-324
"[40.0, 40.0, 40.0]",1.0,F,True,F1,uniform_bbox_to_expected,already_expected_size,True,0.029002,0abb87403ddbb2dfb9f82bc5fd0589316e8865ce2c82fa0b8bf5fb0f25c7d020,1,29002,0.029296,d00d7d5ae5907e47688bd0c6c894eb3b93d4730e2cffa7217751e6c27b9c1ecf,1,7324,0.010035499726925178,0.9606511064774332,True,IMSTL-006-20260728-002,185,True,1,"[20.0, 20.0, 20.0]","[40.0, 40.0, 40.0]",d76883bc10af4f4b3817ccbe90b2863f97c9b843f30c5214cde81d2f76fdb0f8,52400,185,0.05
"[40.0, 40.0, 40.0]",1.0,F,True,F1,uniform_bbox_to_expected,already_expected_size,True,0.39703,cfe223867017aac4bc4b1352b7478d95cf0f6ce6f0f5f13ead2e980f7be0ca98,1,397030,0.397528,409beed632f5912dde0d3ee8fc07616e39db801df4a404ab111f71323e916b63,1,99382,0.0012527419452214687,0.9719210991323685,True,IMSTL-006-20260728-002,1765,True,100,"[20.0, 20.0, 20.0]","[40.0, 40.0, 40.0]",d76883bc10af4f4b3817ccbe90b2863f97c9b843f30c5214cde81d2f76fdb0f8,52400,1765,5.0
"[40.0, 40.0, 40.0]",1.0,F,True,F1,uniform_bbox_to_expected,already_expected_size,True,0.245948,2f0c683f4d146e29682810e1cad12a1e9fdfc34af5947d555b1705ccf1bd5299,1,245948,0.2458,d981eb693f55dedd3974c35556b9aef2c644a09b555a8501408b5e3587b1caab,1,61450,0.0006017532161269862,0.9490451918732313,False,IMSTL-006-20260728-002,1346,False,200,"[20.0, 20.0, 20.0]","[40.0, 40.0, 40.0]",d76883bc10af4f4b3817ccbe90b2863f97c9b843f30c5214cde81d2f76fdb0f8,52400,1346,10.0
"[40.0, 40.0, 40.0]",1.0,F,True,F1,uniform_bbox_to_expected,already_expected_size,True,0.38315,d0654415b142198b795c589b4df284d45d78efd6ad9d8f1bf21740ea61f22e73,3,383150,0.38304,ae1109de5cc5621bb5d79e9903681b7f7a9812b203780cfb2eda0adf7174a564,7,95760,0.00028709382748270913,0.9813653031564683,True,IMSTL-006-20260728-002,1680,True,400,"[20.0, 20.0, 20.0]","[40.0, 40.0, 40.0]",d76883bc10af4f4b3817ccbe90b2863f97c9b843f30c5214cde81d2f76fdb0f8,52400,1680,20.0
"[40.0, 40.0, 40.0]",1.0,F,True,F1,uniform_bbox_to_expected,already_expected_size,True,0.245948,a884eeffa5c2a5a996131cd7fc95b59fd756f97488f463e2223fd86913112a2c,1,245948,0.2458,c22e701a89c8b832b2892a26a9f60d9e01728b5fc09dba30d882ae4c44cae84a,1,61450,0.0006017532161269862,0.9490451918732313,False,IMSTL-006-20260728-002,1346,False,600,"[20.0, 20.0, 20.0]","[40.0, 40.0, 40.0]",d76883bc10af4f4b3817ccbe90b2863f97c9b843f30c5214cde81d2f76fdb0f8,52400,1346,30.0
"[40.0, 40.0, 40.0]",1.0,F,True,F1,uniform_bbox_to_expected,already_expected_size,True,0.39703,27abae3802f41048cfe2828698f2687b6950d10d2b55997eb4f9aa62a5ad2a9a,1,397030,0.397528,16ef72c887db013d92e127571d15f90efa3594ab1e89860d7863d61afcc6ea80,1,99382,0.0012527419452214687,0.9719210991323685,True,IMSTL-006-20260728-002,1765,True,700,"[20.0, 20.0, 20.0]","[40.0, 40.0, 40.0]",d76883bc10af4f4b3817ccbe90b2863f97c9b843f30c5214cde81d2f76fdb0f8,52400,1765,35.0
"[40.0, 40.0, 40.0]",1.0,F,True,F1,uniform_bbox_to_expected,already_expected_size,True,0.029002,23478839dc9c5f4cb9d61adc6f54b42a431a9e2bd6ce53637b62bcbc8c90f05c,1,29002,0.029296,bd8202b39e11e2457c587db5bb891fe4fbea7e7a145fba791a2f3511b03672b2,1,7324,0.010035499726925178,0.9606511064774332,True,IMSTL-006-20260728-002,185,True,799,"[20.0, 20.0, 20.0]","[40.0, 40.0, 40.0]",d76883bc10af4f4b3817ccbe90b2863f97c9b843f30c5214cde81d2f76fdb0f8,52400,185,39.95
"[40.0, 40.0, 40.0]",1.0,F,False,F1,uniform_bbox_to_expected,already_expected_size,True,0.0,923b0ffd1a22207230ef2d9a76434d8c9aa6bdaa7ad9541abf0bf3b2fe32a987,0,0,0.0,582528b8a9823c04b81c37c43d24fd4578b09432312da884b566eb71dccc38d1,0,0,0.0,1.0,True,IMSTL-006-20260728-002,10,True,800,"[20.0, 20.0, 20.0]","[40.0, 40.0, 40.0]",d76883bc10af4f4b3817ccbe90b2863f97c9b843f30c5214cde81d2f76fdb0f8,52400,65,39.99999999999999
"[40.0, 40.0, 40.0]",1.0,T,False,T1,uniform_bbox_to_expected,already_expected_size,True,0.0,923b0ffd1a22207230ef2d9a76434d8c9aa6bdaa7ad9541abf0bf3b2fe32a987,0,0,0.0,582528b8a9823c04b81c37c43d24fd4578b09432312da884b566eb71dccc38d1,0,0,0.0,1.0,True,IMSTL-006-20260728-002,0,True,0,"[20.0, 20.0, 20.0]","[40.0, 40.0, 40.0]",cc158c6485dcdabace8d5fde7d1c2f00e59e29cca05c8a6a73b8f72b21c07575,1911600,70,5e-324
"[40.0, 40.0, 40.0]",1.0,T,True,T1,uniform_bbox_to_expected,already_expected_size,True,0.232248,563973e69945bbaf6d3c2d12fc51d2730c7d57b171812f1a91078c97e75534be,1,232248,0.232912,a7df238be555118e122a70b2c220226444664b9b706fa173c9fc72578d569738,1,58228,0.0028508621281857524,0.9699485025071148,True,IMSTL-006-20260728-002,7300,True,1,"[20.0, 20.0, 20.0]","[40.0, 40.0, 40.0]",cc158c6485dcdabace8d5fde7d1c2f00e59e29cca05c8a6a73b8f72b21c07575,1911600,7300,0.05
"[40.0, 40.0, 40.0]",1.0,T,True,T1,uniform_bbox_to_expected,already_expected_size,True,0.276758,2e2f1c4d6d41a28b6e96f8e2dfe1afae0ded08216e12a03081b572c54b8af37d,12,276758,0.277972,924e45e6aef90d491c32d9568ab5e3aadc6f0de8796fd5a3e8e42ae8e914832f,21,69493,0.00436734635143108,0.9734258271077908,True,IMSTL-006-20260728-002,8430,True,100,"[20.0, 20.0, 20.0]","[40.0, 40.0, 40.0]",cc158c6485dcdabace8d5fde7d1c2f00e59e29cca05c8a6a73b8f72b21c07575,1911600,8430,5.0
"[40.0, 40.0, 40.0]",1.0,T,True,T1,uniform_bbox_to_expected,already_expected_size,True,0.400482,84c78e044a0628b7db608d3ac0bcc39dc914433a1809d73b62ff5646401cc581,14,400482,0.399736,388b8911dadc95785227794cd5d123327521dd53a7a92d5457a3d9f78b2b4f77,25,99934,0.0018627553797673803,0.9760323190817904,True,IMSTL-006-20260728-002,9860,True,200,"[20.0, 20.0, 20.0]","[40.0, 40.0, 40.0]",cc158c6485dcdabace8d5fde7d1c2f00e59e29cca05c8a6a73b8f72b21c07575,1911600,9860,10.0
"[40.0, 40.0, 40.0]",1.0,T,True,T1,uniform_bbox_to_expected,already_expected_size,True,0.236402,de11f39c2442b0cd1e81aec471183ae2bf2aaa57e079ec73e885fc5097b826d0,12,236402,0.237544,fb76d15764d1be1b0cb027c49129de75176f1ece8c6bd302c85bee35b291b3c8,22,59386,0.0048075303943690435,0.9703253485877726,True,IMSTL-006-20260728-002,5338,True,400,"[20.0, 20.0, 20.0]","[40.0, 40.0, 40.0]",cc158c6485dcdabace8d5fde7d1c2f00e59e29cca05c8a6a73b8f72b21c07575,1911600,7632,20.0
"[40.0, 40.0, 40.0]",1.0,T,True,T1,uniform_bbox_to_expected,already_expected_size,True,0.40048,f912e8a55c2b34d9192413d8bf38f2ef8ae82c280a49faa30bf7b64a0d823f92,14,400480,0.399736,a3e5963203a23a0d8257dcb23501b98b2ee0d6d73de0b1d6115bc7a0d54a899f,25,99934,0.0018577706751897723,0.976037139470565,True,IMSTL-006-20260728-002,9860,True,600,"[20.0, 20.0, 20.0]","[40.0, 40.0, 40.0]",cc158c6485dcdabace8d5fde7d1c2f00e59e29cca05c8a6a73b8f72b21c07575,1911600,9860,30.0
"[40.0, 40.0, 40.0]",1.0,T,True,T1,uniform_bbox_to_expected,already_expected_size,True,0.276762,11dac53b2dd57fb90803cad798f15adce5c2930829799275b2da2a674ddf916f,12,276762,0.277972,129e816aadf4d00b587b45f45e7a840a256553bdbd6721d3d83cf9e44ea7a412,26,69493,0.004352956412876117,0.9734260161791806,True,IMSTL-006-20260728-002,8430,True,700,"[20.0, 20.0, 20.0]","[40.0, 40.0, 40.0]",cc158c6485dcdabace8d5fde7d1c2f00e59e29cca05c8a6a73b8f72b21c07575,1911600,8430,35.0
"[40.0, 40.0, 40.0]",1.0,T,True,T1,uniform_bbox_to_expected,already_expected_size,True,0.232248,4fefcdd5b7c0958aa6edc59ba5743632e740a11fa98fdc1f6145e073c5b539a4,1,232248,0.232912,eb1faecd2e93d75a6cf2d4b353bf899407d10110bd1cb71cd0c6f4a314c6aafe,1,58228,0.0028508621281857524,0.9699485025071148,True,IMSTL-006-20260728-002,7300,True,799,"[20.0, 20.0, 20.0]","[40.0, 40.0, 40.0]",cc158c6485dcdabace8d5fde7d1c2f00e59e29cca05c8a6a73b8f72b21c07575,1911600,7300,39.95
"[40.0, 40.0, 40.0]",1.0,T,False,T1,uniform_bbox_to_expected,already_expected_size,True,0.0,923b0ffd1a22207230ef2d9a76434d8c9aa6bdaa7ad9541abf0bf3b2fe32a987,0,0,0.0,582528b8a9823c04b81c37c43d24fd4578b09432312da884b566eb71dccc38d1,0,0,0.0,1.0,True,IMSTL-006-20260728-002,0,True,800,"[20.0, 20.0, 20.0]","[40.0, 40.0, 40.0]",cc158c6485dcdabace8d5fde7d1c2f00e59e29cca05c8a6a73b8f72b21c07575,1911600,250,39.99999999999999
"[40.0, 40.0, 40.0]",1.0,T,False,T8,uniform_bbox_to_expected,already_expected_size,True,0.0,923b0ffd1a22207230ef2d9a76434d8c9aa6bdaa7ad9541abf0bf3b2fe32a987,0,0,0.0,582528b8a9823c04b81c37c43d24fd4578b09432312da884b566eb71dccc38d1,0,0,0.0,1.0,True,IMSTL-006-20260728-002,0,True,0,"[20.0, 20.0, 20.0]","[40.0, 40.0, 40.0]",24d0c1b1f1e190fcea3da70ec421968fc7cf58d8dccf367c34e8263db5677933,1485540,600,5e-324
"[40.0, 40.0, 40.0]",1.0,T,True,T8,uniform_bbox_to_expected,already_expected_size,True,0.338566,5b01176005b8f21ef790082c3d1927ee7c957c7dfcfe06280e717c74c1120fa4,21,338566,0.340028,6d7d60808bb61a1ceeb81ed9c6d194664e378e4f2f28a57515d493be1162d358,24,85007,0.004299645911513169,0.983537603072669,True,IMSTL-006-20260728-002,7330,True,1,"[20.0, 20.0, 20.0]","[40.0, 40.0, 40.0]",24d0c1b1f1e190fcea3da70ec421968fc7cf58d8dccf367c34e8263db5677933,1485540,7330,0.05
"[40.0, 40.0, 40.0]",1.0,T,True,T8,uniform_bbox_to_expected,already_expected_size,True,0.257418,e3befd5cbba3da648c4f5c7e734adb1bc6c72e93cc1504e3c3a9e19f07a7da90,11,257418,0.257908,08974809e13bcc2503a22728d7c0ce222be6b4f290f2910f92d5a66a957b9340,23,64477,0.0018999022907393334,0.9760796373982867,True,IMSTL-006-20260728-002,5840,True,100,"[20.0, 20.0, 20.0]","[40.0, 40.0, 40.0]",24d0c1b1f1e190fcea3da70ec421968fc7cf58d8dccf367c34e8263db5677933,1485540,5840,5.0
"[40.0, 40.0, 40.0]",1.0,T,True,T8,uniform_bbox_to_expected,already_expected_size,True,0.33662,819a8c779ce72ec8e852c3c6f05d6db535ed26e54f2cd67d9f5aec4529136f70,27,336620,0.333448,1e8ea188edf44b0a8925445b3262d030fa7d3db3eb9d9cbf6356e33a12c16ede,28,83362,0.009423088348880043,0.9824555693951758,True,IMSTL-006-20260728-002,7810,True,200,"[20.0, 20.0, 20.0]","[40.0, 40.0, 40.0]",24d0c1b1f1e190fcea3da70ec421968fc7cf58d8dccf367c34e8263db5677933,1485540,7810,10.0
"[40.0, 40.0, 40.0]",1.0,T,True,T8,uniform_bbox_to_expected,already_expected_size,True,0.336416,b036d6fee95a00cb873e43b223a1855b7da460e976f870905d8436e61d44081d,24,336416,0.333236,fe8b3cdc5ddb515a35dc2238e57c2ff9964c0cdbb1df195db4fdb72ba18dd6a2,24,83309,0.009452582516883858,0.9821513670632043,True,IMSTL-006-20260728-002,7809,True,400,"[20.0, 20.0, 20.0]","[40.0, 40.0, 40.0]",24d0c1b1f1e190fcea3da70ec421968fc7cf58d8dccf367c34e8263db5677933,1485540,7809,20.0
"[40.0, 40.0, 40.0]",1.0,T,True,T8,uniform_bbox_to_expected,already_expected_size,True,0.336424,a517d4b77a3e143a40f7736e2a91046522e9dbd7ae7f0e44128163f48da8502b,22,336424,0.332824,e45cb3cad6617dd7a6464211b49c704bdfbab6e89fff8b533b08317ae61a058e,28,83206,0.01070078234608708,0.9825282235249857,True,IMSTL-006-20260728-002,7830,True,600,"[20.0, 20.0, 20.0]","[40.0, 40.0, 40.0]",24d0c1b1f1e190fcea3da70ec421968fc7cf58d8dccf367c34e8263db5677933,1485540,7830,30.0
"[40.0, 40.0, 40.0]",1.0,T,True,T8,uniform_bbox_to_expected,already_expected_size,True,0.260464,5edb7d009e7b28e35db3a011af5b3a9017ce95b213942610980ef5d0c6e2ccd1,28,260464,0.262052,07261b75779cc7bd3860624e70943464c7fcda488d7699233d7f99c7306af0d4,37,65513,0.0060598659807977046,0.9795571989270939,True,IMSTL-006-20260728-002,5039,True,700,"[20.0, 20.0, 20.0]","[40.0, 40.0, 40.0]",24d0c1b1f1e190fcea3da70ec421968fc7cf58d8dccf367c34e8263db5677933,1485540,5039,35.0
"[40.0, 40.0, 40.0]",1.0,T,True,T8,uniform_bbox_to_expected,already_expected_size,True,0.33907,0f5e2b12dcf731cffbad46cff4d04958e35d755e6d5dca52a10eb56a15d68250,11,339070,0.340352,ab8ab8a2bd069e06456085d35d8643f3867b11c7a2adbd914fad1b0f50c09553,12,85088,0.0037666886047386236,0.9833027314045848,True,IMSTL-006-20260728-002,7350,True,799,"[20.0, 20.0, 20.0]","[40.0, 40.0, 40.0]",24d0c1b1f1e190fcea3da70ec421968fc7cf58d8dccf367c34e8263db5677933,1485540,7350,39.95
"[40.0, 40.0, 40.0]",1.0,T,False,T8,uniform_bbox_to_expected,already_expected_size,True,0.0,923b0ffd1a22207230ef2d9a76434d8c9aa6bdaa7ad9541abf0bf3b2fe32a987,0,0,0.0,582528b8a9823c04b81c37c43d24fd4578b09432312da884b566eb71dccc38d1,0,0,0.0,1.0,True,IMSTL-006-20260728-002,0,True,800,"[20.0, 20.0, 20.0]","[40.0, 40.0, 40.0]",24d0c1b1f1e190fcea3da70ec421968fc7cf58d8dccf367c34e8263db5677933,1485540,60,39.99999999999999
"[40.0, 40.0, 40.0]",1.0,T,False,T9,uniform_bbox_to_expected,already_expected_size,True,0.0,923b0ffd1a22207230ef2d9a76434d8c9aa6bdaa7ad9541abf0bf3b2fe32a987,0,0,0.0,582528b8a9823c04b81c37c43d24fd4578b09432312da884b566eb71dccc38d1,0,0,0.0,1.0,True,IMSTL-006-20260728-002,0,True,0,"[20.0, 20.0, 20.0]","[40.0, 40.0, 40.0]",76bc0f0bd05dbe549c0fcfd5321a46b9d99ce71631faa4346a0ad2db27c9b429,1485540,600,5e-324
"[40.0, 40.0, 40.0]",1.0,T,True,T9,uniform_bbox_to_expected,already_expected_size,True,0.338463,095a30c055e9e154325196d90137864823a4ad33d0541c5c1305047af129f163,13,338463,0.339924,2c3429aa5898d96493ee696db240e24bfc8cd1a0c42742f8e795bda9d70fdb41,17,84981,0.0042980195573128115,0.9834021378116667,True,IMSTL-006-20260728-002,7330,True,1,"[20.0, 20.0, 20.0]","[40.0, 40.0, 40.0]",76bc0f0bd05dbe549c0fcfd5321a46b9d99ce71631faa4346a0ad2db27c9b429,1485540,7330,0.05
"[40.0, 40.0, 40.0]",1.0,T,True,T9,uniform_bbox_to_expected,already_expected_size,True,0.257304,bdb65636d2a543e9ac0fc78450761b7e9bc1216e509dbebdef164b9baa968d6b,14,257304,0.257896,0d24fedd0a4986497e036640bb2255784c26ef694d14c9d99674f228b3b88c38,24,64474,0.0022954989608214163,0.9755737484901356,True,IMSTL-006-20260728-002,5838,True,100,"[20.0, 20.0, 20.0]","[40.0, 40.0, 40.0]",76bc0f0bd05dbe549c0fcfd5321a46b9d99ce71631faa4346a0ad2db27c9b429,1485540,5838,5.0
"[40.0, 40.0, 40.0]",1.0,T,True,T9,uniform_bbox_to_expected,already_expected_size,True,0.336578,f00f1e52009d8ef7a89659cf27890ded63a8604c8dc933a0abc1ac76b6aaf801,31,336578,0.33336,46b342bd4bcf617d8d3cd98b2028acd33fa1399d88132fa7e7f2f7f20c9039a8,33,83340,0.009560933869712221,0.9823172770500389,True,IMSTL-006-20260728-002,7610,True,200,"[20.0, 20.0, 20.0]","[40.0, 40.0, 40.0]",76bc0f0bd05dbe549c0fcfd5321a46b9d99ce71631faa4346a0ad2db27c9b429,1485540,7610,10.0
"[40.0, 40.0, 40.0]",1.0,T,True,T9,uniform_bbox_to_expected,already_expected_size,True,0.336459,ff1f1c253d80685b9c4ad7e8f846e77d44978490fb80228c31572d00583658ab,14,336459,0.333152,2e2bbd6f97cc6be5258ffa4a56870ac6144b755e7b17506a4bf2d5edddcbf784,14,83288,0.009828835014073037,0.9822881789950769,True,IMSTL-006-20260728-002,7720,True,400,"[20.0, 20.0, 20.0]","[40.0, 40.0, 40.0]",76bc0f0bd05dbe549c0fcfd5321a46b9d99ce71631faa4346a0ad2db27c9b429,1485540,7830,20.0
"[40.0, 40.0, 40.0]",1.0,T,True,T9,uniform_bbox_to_expected,already_expected_size,True,0.336396,ee57dd5fe1f209581238710b9d219770d0775cf53f3e375417e67b624ff185f5,22,336396,0.33292,c5c4a8c8e867492c3762f8e15d11521d7dfc817147792fe3644bf74f90132167,27,83230,0.010333059846133724,0.982706167778018,True,IMSTL-006-20260728-002,7830,True,600,"[20.0, 20.0, 20.0]","[40.0, 40.0, 40.0]",76bc0f0bd05dbe549c0fcfd5321a46b9d99ce71631faa4346a0ad2db27c9b429,1485540,7830,30.0
"[40.0, 40.0, 40.0]",1.0,T,True,T9,uniform_bbox_to_expected,already_expected_size,True,0.260538,5aebab3cd7bf800691c7aea1d4e8cddb630b68d7e30bf2f02128dee64228e358,21,260538,0.262216,0a89b3c7dda74bc9ff12ac05eba3936e217c3218e81ba7802e12363d55b02609,33,65554,0.006399304390273667,0.9793265608257259,True,IMSTL-006-20260728-002,5460,True,700,"[20.0, 20.0, 20.0]","[40.0, 40.0, 40.0]",76bc0f0bd05dbe549c0fcfd5321a46b9d99ce71631faa4346a0ad2db27c9b429,1485540,5460,35.0
"[40.0, 40.0, 40.0]",1.0,T,True,T9,uniform_bbox_to_expected,already_expected_size,True,0.338788,27d60f56cdc244d543c64e426d178cd7384a3f94cd94312d2dd6d2a5402aa664,11,338788,0.339904,995829e1789d722d1a5ddbcfb15684ac1287eaf61fe7ba3ac119d4eb56b2e158,12,84976,0.0032832799849369233,0.9833370836097336,True,IMSTL-006-20260728-002,7350,True,799,"[20.0, 20.0, 20.0]","[40.0, 40.0, 40.0]",76bc0f0bd05dbe549c0fcfd5321a46b9d99ce71631faa4346a0ad2db27c9b429,1485540,7350,39.95
"[40.0, 40.0, 40.0]",1.0,T,False,T9,uniform_bbox_to_expected,already_expected_size,True,0.0,923b0ffd1a22207230ef2d9a76434d8c9aa6bdaa7ad9541abf0bf3b2fe32a987,0,0,0.0,582528b8a9823c04b81c37c43d24fd4578b09432312da884b566eb71dccc38d1,0,0,0.0,1.0,True,IMSTL-006-20260728-002,0,True,800,"[20.0, 20.0, 20.0]","[40.0, 40.0, 40.0]",76bc0f0bd05dbe549c0fcfd5321a46b9d99ce71631faa4346a0ad2db27c9b429,1485540,600,39.99999999999999
