model_id,kind,relative_path,size_bytes,sha256,source_root,status
B1,STL,stl/B1-Basic_Cubic-SC5.stl,225684,a3de2c192173af6014db9e000da722f1bc907210ea250c35827451ae80a2b08a,experiments/lab_001_xy_connection_20260626/data/raw/notion_reference_models_20260701,PASS
B2,STL,stl/B2-Basic_Cubic-SC8.stl,1500684,f691e0ffbdb51b5e9631e671a6d95d81ff665b764b6c0208d953cfd6faf93d7d,experiments/lab_001_xy_connection_20260626/data/raw/notion_reference_models_20260701,PASS
B3,STL,stl/B3-Basic_Cubic-BCC_Lattice.stl,2625684,a272cdb9222309756d52e07d7bd10bf5c2eb7ebe3b216005fec40c6653843a30,experiments/lab_001_xy_connection_20260626/data/raw/notion_reference_models_20260701,PASS
B4,STL,stl/B4-Basic_Cubic-BCC2.stl,1659684,388389ea80512d4da4f444d9700473ee344d72885dc0e6c35f4c7b94ae0b188b,experiments/lab_001_xy_connection_20260626/data/raw/notion_reference_models_20260701,PASS
B5,STL,stl/B5-Basic_Cubic-FCC.stl,2490684,771679e2b40f5231dbf306a480fd8c4777756fcc823f52033fcc44908a088a99,experiments/lab_001_xy_connection_20260626/data/raw/notion_reference_models_20260701,PASS
C1,STL,stl/C1-Cubic_truss_lattice-SC-FCC.stl,2610684,7755dda7d0a3cee9045339bb2c2f85d003af7027fc0d4be87c1cc112508999bd,experiments/lab_001_xy_connection_20260626/data/raw/notion_reference_models_20260701,PASS
C10,STL,stl/C10-Cubic_truss_lattice-SC8-BCC.stl,2370684,ee80581153d4a656660e86b0be40301ab4f8e3bcfbc7d93c5c78596210bcd542,experiments/lab_001_xy_connection_20260626/data/raw/notion_reference_models_20260701,PASS
C11,STL,stl/C11-Cubic_truss_lattice-SCDGRBCC.stl,1815684,0a28cb347660a1008d3aa055269428c1e141259b42c6b53d10d08a3acfb330fe,experiments/lab_001_xy_connection_20260626/data/raw/notion_reference_models_20260701,PASS
C12,STL,stl/C12-Cubic_truss_lattice-SC2DGRBCC.stl,2280684,56051a9e31f09b99d5e24500fec90fb23f1858a5f3371dd15f09a2e9fcaf8f3e,experiments/lab_001_xy_connection_20260626/data/raw/notion_reference_models_20260701,PASS
C13,STL,stl/C13-Cubic_truss_lattice-SC8DGRBCC2.stl,4560684,07278a36b6a4e9ba259be03bc1f85bdd573fa24dca4bb7ad3491acf51f9bfabc,experiments/lab_001_xy_connection_20260626/data/raw/notion_reference_models_20260701,PASS
C14,STL,stl/C14-Cubic_truss_lattice-SC8-FCC-BCC.stl,4530684,ea0e6ea1355b7c16ed8f35ffe5743d581fda21b6b9ee612ade38a4ac0160028a,experiments/lab_001_xy_connection_20260626/data/raw/notion_reference_models_20260701,PASS
C2,STL,stl/C2-Cubic_truss_lattice-SC2-FCC.stl,2760684,de69021e73d6fc8fb593973ba77122aaf0ee232d80d26711749dd9d01da9dc5a,experiments/lab_001_xy_connection_20260626/data/raw/notion_reference_models_20260701,PASS
C3,STL,stl/C3-Cubic_truss_lattice-SC8-FCC.stl,3480684,a6156c5a3a7b34463204491b5c0770a87ab33b34999bb57dca7c04875db3979f,experiments/lab_001_xy_connection_20260626/data/raw/notion_reference_models_20260701,PASS
C4,STL,stl/C4-Cubic_truss_lattice-SCDGR.stl,1215684,24a7d3407ece874c4b357d7bee2dcab872d4ea47120d5b7eed48e8556e1289f1,experiments/lab_001_xy_connection_20260626/data/raw/notion_reference_models_20260701,PASS
C5,STL,stl/C5-Cubic_truss_lattice-SCDGR2.stl,4735684,1cbefbd50dd308ff0bbb3eec47aedc1bc07cb50e0f84c55fcdddcaf0ba591e05,experiments/lab_001_xy_connection_20260626/data/raw/notion_reference_models_20260701,PASS
C6,STL,stl/C6-Cubic_truss_lattice-SCOR.stl,1425684,eb102e32158c2b1ea2b7a422105c3777f3ebcddbfa47e78f3796a35ed1cc550b,experiments/lab_001_xy_connection_20260626/data/raw/notion_reference_models_20260701,PASS
C7,STL,stl/C7-Cubic_truss_lattice-SC-FCC-BCC.stl,3210684,62bc876a52cfb0d8e4b9edebc25fe558166ec178ebd1d1085c52eff4433e7d2c,experiments/lab_001_xy_connection_20260626/data/raw/notion_reference_models_20260701,PASS
C8,STL,stl/C8-Cubic_truss_lattice-SCBCC.stl,945684,02972931e406f88f8cdd2dec1df823955ff9070974556301a6b191f654123db7,experiments/lab_001_xy_connection_20260626/data/raw/notion_reference_models_20260701,PASS
C9,STL,stl/C9-Cubic_truss_lattice-SC2-BCC.stl,1853184,770d277e46339d769c3253d24022c4180f1713a6dbfab6632ec02ba1a03835e2,experiments/lab_001_xy_connection_20260626/data/raw/notion_reference_models_20260701,PASS
F1,STL,stl/F1-Foam-Kelvin_foam.stl,2620084,0dff3c1b133d7c9d5eee7d32cb0b19734eadc20c3c710268d745118ffdfe9300,experiments/lab_001_xy_connection_20260626/data/raw/notion_reference_models_20260701,PASS
L1,STL,stl/L1-Truss Lattice-Octahedron_lattice_New.stl,3825084,412f5bec5e8f36aea17495e2c376a632a1c82aec96c849665766b34ea2c58832,experiments/lab_001_xy_connection_20260626/data/raw/notion_reference_models_20260701,PASS
L10,STL,stl/L10-Truss_Lattice-Lattice_auxetic.stl,1563684,dcfe270c3c326deb5b2e13fb214daa58ad297bc60d765d3d79761057232261c6,experiments/lab_001_xy_connection_20260626/data/raw/notion_reference_models_20260701,PASS
L11,STL,stl/L11-Truss Lattice-FBCCz_New.stl,5118184,5e26abbea4a98a7e072da5a6d754879468fd458807285106045e3a493ab0f06f,experiments/lab_001_xy_connection_20260626/data/raw/notion_reference_models_20260701,PASS
L2,STL,stl/L2-Truss_Lattice-Cuboctahedron.stl,870084,166eeca808b2afa58fae8f41cd4bd63dfeb155820c71cb74ff35e67ef8930153,experiments/lab_001_xy_connection_20260626/data/raw/notion_reference_models_20260701,PASS
L3,STL,stl/L3-Truss_Lattice-CubicOctet.stl,4575084,300f5c79b09e9b12f796d773634c8181da43cac44703f1cc85ab27129e284969,experiments/lab_001_xy_connection_20260626/data/raw/notion_reference_models_20260701,PASS
L4,STL,stl/L4-Truss_Lattice-Isotropic_truss.stl,4463484,1449e02db63c164434b6dd27474d351071f23c33cf6bb715f052f3ef68bc96f5,experiments/lab_001_xy_connection_20260626/data/raw/notion_reference_models_20260701,PASS
L5,STL,stl/L5-Truss_Lattice-Octet_truss.stl,6607084,9d65421a9cccb9d151a309dc45dbf4f0bccdb737c40b7a74be5d96c371a32424,experiments/lab_001_xy_connection_20260626/data/raw/notion_reference_models_20260701,PASS
L6,STL,stl/L6-Truss_Lattice-Snap-fit_modified_octet-truss_lattice.stl,2477484,d2c9f86f516cb46c074dc4a2775989bdd167bc8a23142fdc98e65e721f04fd97,experiments/lab_001_xy_connection_20260626/data/raw/notion_reference_models_20260701,PASS
L7,STL,stl/L7-Truss_Lattice-3D_chiral_metamaterial.stl,1103684,052431157f388cac1a7450a78d0c18f8c08a7b63aaad0b1f520bb8a2d9b7d8a7,experiments/lab_001_xy_connection_20260626/data/raw/notion_reference_models_20260701,PASS
L8,STL,stl/L8-Truss_Lattice-3D_chiral.stl,7143684,b591fa0cdb50cda9278c0103ee818e8550780cf6a47395bfcef5be6c4f223082,experiments/lab_001_xy_connection_20260626/data/raw/notion_reference_models_20260701,PASS
L9,STL,stl/L9-Truss_Lattice-Honeycomb_auxetic.stl,1319684,d63687986199dc95cf01ba28a36e169d949d37d77cf5dc8c24b111093c25e91b,experiments/lab_001_xy_connection_20260626/data/raw/notion_reference_models_20260701,PASS
T19,STL,stl/T19-TPMS-D-surface__notion_d3a49b64.stl,35411684,7bde511e689db1ae6956ef1ece9206f0bed6108d9959ad387caef9be9b5a72ce,experiments/lab_001_xy_connection_20260626/data/raw/notion_reference_models_20260701,PASS
T19,STL,stl/T19-TPMS-D-surface__notion_23294ad4.stl,36207984,e780f23c2d576a755de76dcf43b1c8a67991a58c531c91f45692e37855101503,experiments/lab_001_xy_connection_20260626/data/raw/notion_reference_models_20260701,PASS
B1,STP,stp/B1-Basic_Cubic-SC5.stp,2219093,db57a998429e09481e134690e47b0904980284421bb1fadf30acf8272dca6387,experiments/lab_001_xy_connection_20260626/data/raw/notion_reference_models_20260701,PASS
B2,STP,stp/B2-Basic_Cubic-SC8.stp,16401959,dcd557682b52023fb9e11e467e126ff6866790c7bbea3bd6b2aa67d10a7d3b6c,experiments/lab_001_xy_connection_20260626/data/raw/notion_reference_models_20260701,PASS
B3,STP,stp/B3-Basic_Cubic-BCC_Lattice.stp,3896634,b17a3c9a4ee56cf55b87204e6f7021b39f18c87a2657d4480cfda5b29fe8e0fe,experiments/lab_001_xy_connection_20260626/data/raw/notion_reference_models_20260701,PASS
B4,STP,stp/B4-Basic_Cubic-BCC2.stp,16875376,3ef4894d567e1b87870e61e4c6591281579298e0182a15568818d1ec4efcb131,experiments/lab_001_xy_connection_20260626/data/raw/notion_reference_models_20260701,PASS
B5,STP,stp/B5-Basic_Cubic-FCC.stp,21886558,c05c91fa18ef73bd4e488472d5bb8d0d0c30e184e58b5711e0e5a78cf62981f2,experiments/lab_001_xy_connection_20260626/data/raw/notion_reference_models_20260701,PASS
C1,STP,stp/C1-Cubic_truss_lattice-SC-FCC.stp,23407502,3c47641d340e85acd9d2464dc46d665676c90895141e0c3c7c04a3b23ffdc73c,experiments/lab_001_xy_connection_20260626/data/raw/notion_reference_models_20260701,PASS
C10,STP,stp/C10-Cubic_truss_lattice-SC8-BCC.stp,26315786,909522b18cf8105a615e98c0e94dd7cb2863409fca7c881446d31c9788b63f70,experiments/lab_001_xy_connection_20260626/data/raw/notion_reference_models_20260701,PASS
C11,STP,stp/C11-Cubic_truss_lattice-SCDGRBCC.stp,18551599,6b02ea5ea905fe8919a6935430b511a845f1eeb9c55b628cf0f122dc82b3545a,experiments/lab_001_xy_connection_20260626/data/raw/notion_reference_models_20260701,PASS
C12,STP,stp/C12-Cubic_truss_lattice-SC2DGRBCC.stp,28275008,d7a7ba8a2afb445d71f1e15d062df2949cde8bef385b469119ce5268d63312f5,experiments/lab_001_xy_connection_20260626/data/raw/notion_reference_models_20260701,PASS
C13,STP,stp/C13-Cubic_truss_lattice-SC8DGRBCC2.stp,56103439,3c998a0890559db820cd609279ae81ab5037cd2d496e17216792a5be77ed35c6,experiments/lab_001_xy_connection_20260626/data/raw/notion_reference_models_20260701,PASS
C14,STP,stp/C14-Cubic_truss_lattice-SC8-FCC-BCC.stp,47189376,910e15b437d9e0c0d939a58719addcfb396030cf8ed3f568a27a30cca7858038,experiments/lab_001_xy_connection_20260626/data/raw/notion_reference_models_20260701,PASS
C2,STP,stp/C2-Cubic_truss_lattice-SC2-FCC.stp,26122079,c4bc5c6489111bc53ca3f910da3819758238992d5cefa8e2f7249a7514f61c9a,experiments/lab_001_xy_connection_20260626/data/raw/notion_reference_models_20260701,PASS
C3,STP,stp/C3-Cubic_truss_lattice-SC8-FCC.stp,35768229,3ed2f0d0184af51c08bda685aca726e5d5333dacaa5b79398d9f64a232a0a7da,experiments/lab_001_xy_connection_20260626/data/raw/notion_reference_models_20260701,PASS
C4,STP,stp/C4-Cubic_truss_lattice-SCDGR.stp,10656555,e4d6efd77646047093b6a226bc57ea50e92980f2cbbd9248f6776f7cd6ce72c7,experiments/lab_001_xy_connection_20260626/data/raw/notion_reference_models_20260701,PASS
C5,STP,stp/C5-Cubic_truss_lattice-SCDGR2.stp,39642861,2833db7fdbdf56e55a44dc7a753610dc74581146986678e82f10a16ca39ebd8f,experiments/lab_001_xy_connection_20260626/data/raw/notion_reference_models_20260701,PASS
C6,STP,stp/C6-Cubic_truss_lattice-SCOR.stp,16459933,221eb19259cbd0569fdeb1fa81c2d1b059fe22dde550bec42b83885a4edead75,experiments/lab_001_xy_connection_20260626/data/raw/notion_reference_models_20260701,PASS
C7,STP,stp/C7-Cubic_truss_lattice-SC-FCC-BCC.stp,32026736,78862e632f145fcf27bdb8a0eeedd4459a5f5ecc56c44c0f3d0ae701c54bb1be,experiments/lab_001_xy_connection_20260626/data/raw/notion_reference_models_20260701,PASS
C8,STP,stp/C8-Cubic_truss_lattice-SCBCC.stp,10993405,4fcccb694f6b330ad29bc5af96fe62898818356040e1ccdbdb3b041b3fabf83b,experiments/lab_001_xy_connection_20260626/data/raw/notion_reference_models_20260701,PASS
C9,STP,stp/C9-Cubic_truss_lattice-SC2-BCC.stp,16818579,4c9c335434dab3e43569a1ded54133aace7b05f21867eeca4508526279d4736c,experiments/lab_001_xy_connection_20260626/data/raw/notion_reference_models_20260701,PASS
F1,STP,stp/F1-Foam-Kelvin_foam.stp,22530558,2ed29353ea7b50925c9a4593af900068d6c834da5a8dc24944c49b59e3f9ede4,experiments/lab_001_xy_connection_20260626/data/raw/notion_reference_models_20260701,PASS
F2,STP,stp/F2-Foam-Poroelastic_foam.stp,58917287,4bc9f4d2fbb44f33f6add78355358a2869e090a2a9ac9877cb50f6811c8ecee1,experiments/lab_001_xy_connection_20260626/data/raw/notion_reference_models_20260701,PASS
L1,STP,stp/L1-Truss Lattice-Octahedron_lattice_New.stp,4390742,76c83973738ae14bde5eb693e99b8404103ab8db5499d438f3221062814991af,experiments/lab_001_xy_connection_20260626/data/raw/notion_reference_models_20260701,PASS
L10,STP,stp/L10-Truss_Lattice-Lattice_auxetic.stp,12056655,93096e500e2d8a407cce047ca3beaddaa8405d9556932b55ce6eb0e75e1c7fff,experiments/lab_001_xy_connection_20260626/data/raw/notion_reference_models_20260701,PASS
L11,STP,stp/L11-Truss Lattice-FBCCz_New.stp,12655099,d88604004d0eb0554bbc698c3a68f096eadc2efc835527ea48a3de6c7a08032a,experiments/lab_001_xy_connection_20260626/data/raw/notion_reference_models_20260701,PASS
L2,STP,stp/L2-Truss_Lattice-Cuboctahedron.stp,8882675,5183f678a0a9e1cea9c6a7faa6f59c81c5934fda453f7ff71ea383271ed9a2b2,experiments/lab_001_xy_connection_20260626/data/raw/notion_reference_models_20260701,PASS
L3,STP,stp/L3-Truss_Lattice-CubicOctet.stp,48615897,949a3bd9e3f2df10485b5f88cc53b22d07d0681cfafc060c3bbead7ccfb45a4a,experiments/lab_001_xy_connection_20260626/data/raw/notion_reference_models_20260701,PASS
L4,STP,stp/L4-Truss_Lattice-Isotropic_truss.stp,8719038,7550f10540262bdbe03e418459bad7216af963b0645e16175d46e99c84256222,experiments/lab_001_xy_connection_20260626/data/raw/notion_reference_models_20260701,PASS
L5,STP,stp/L5-Truss_Lattice-Octet_truss.stp,14541929,f91c1d1291aba255dd7e0f4636b90b46e38d0c8f1522b620a007bdb5f4ec488e,experiments/lab_001_xy_connection_20260626/data/raw/notion_reference_models_20260701,PASS
L6,STP,stp/L6-Truss_Lattice-Snap-fit_modified_octet-truss_lattice.stp,11697368,dd3b74996fe61b0871baeff4c8c90ce95dbee15e917e4bd4baa354021f142fa0,experiments/lab_001_xy_connection_20260626/data/raw/notion_reference_models_20260701,PASS
L7,STP,stp/L7-Truss_Lattice-3D_chiral_metamaterial.stp,7567175,bcb4ca33195f6fd25d384e3ff3b21c18c9e731fd0987aed34519855dfaf2567a,experiments/lab_001_xy_connection_20260626/data/raw/notion_reference_models_20260701,PASS
L8,STP,stp/L8-Truss_Lattice-3D_chiral.stp,28438028,6967c739c2e5df1c7c5453e31eb895f84a023f26fc76e9f980f18a2a2a955c14,experiments/lab_001_xy_connection_20260626/data/raw/notion_reference_models_20260701,PASS
L9,STP,stp/L9-Truss_Lattice-Honeycomb_auxetic.stp,14569394,7d6d951468b2c73674d96e02825f5b598a5fabda7bff7262fd3a394beef2f366,experiments/lab_001_xy_connection_20260626/data/raw/notion_reference_models_20260701,PASS
T17,STP,stp/T17-TPMS-D-surface.stp,535715187,304e511976bcf9724e12eafba6772002ee68672056cbd0f5bb69517d1815925c,experiments/lab_001_xy_connection_20260626/data/raw/notion_reference_models_20260701,PASS
F2,STL,stl/F2-Foam-Poroelastic_foam.stl,12955084,69a359914653da6399188771d0d26903d6a0c7684e46703757315c972a942b7a,experiments/lab_001_xy_connection_20260626/data/raw/notion_reference_models_20260701,PASS
